<?xml version="1.0"?>
<root>

	<metric name="metric_CPU operating frequency (in GHz)">
        <event alias="a">CPU_CLK_UNHALTED.CORE</event>
		<event alias="b">CPU_CLK_UNHALTED.REF_TSC</event>
		<constant alias="c">system.tsc_freq</constant>      
		<formula>(a/b*c)/1000000000</formula>
	</metric>

	<metric name="metric_CPU utilization %">
		<event alias="a">CPU_CLK_UNHALTED.REF_TSC</event>
		<event alias="b">TSC</event>
		<formula>100*a/b</formula>
	</metric>

	<metric name="metric_CPU utilization% in kernel mode">
		<event alias="a">CPU_CLK_UNHALTED.REF_TSC:SUP</event>
		<event alias="b">TSC</event>
		<formula>100*a/b</formula>
	</metric>

	<metric name="metric_CPI">
        <throughput-metric-name>metric_cycles per txn</throughput-metric-name>
        <event alias="a">CPU_CLK_UNHALTED.CORE</event>
        <event alias="b">INST_RETIRED.ANY</event>
        <formula>a/b</formula>
    </metric>
	
    <metric name="metric_kernel_CPI">
        <event alias="a">CPU_CLK_UNHALTED.CORE:SUP</event>
        <event alias="b">INST_RETIRED.ANY:SUP</event>
        <formula>a/b</formula>
    </metric>

   <metric name="metric_EMON event mux reliability% (>95% good)">
        <event alias="a">CPU_CLK_UNHALTED.CORE_P</event>
        <event alias="b">CPU_CLK_UNHALTED.CORE</event>
        <formula>100*(((a-b)&lt;0)?(a/b):(b/a))</formula>
    </metric>

 	<metric name="metric_branch mispredict ratio">
		<event alias="a">BR_MISP_RETIRED.ALL_BRANCHES</event>
		<event alias="b">BR_INST_RETIRED.ALL_BRANCHES</event>
		<formula>a/b</formula>
	</metric>

	<metric name="metric_loads retired per instr">
        <throughput-metric-name>metric_loads retired per txn</throughput-metric-name>
		<event alias="a">MEM_UOPS_RETIRED.ALL_LOADS</event>
		<event alias="b">INST_RETIRED.ANY</event>
		<formula>a/b</formula>
	</metric>

	<metric name="metric_stores retired per instr">
        <throughput-metric-name>metric_stores retired per txn</throughput-metric-name>
		<event alias="a">MEM_UOPS_RETIRED.ALL_STORES</event>
		<event alias="b">INST_RETIRED.ANY</event>
		<formula>a/b</formula>
	</metric>	

	<metric name="metric_loads splits per instr">
        <throughput-metric-name>metric_loads split per txn</throughput-metric-name>
		<event alias="a">MEM_UOPS_RETIRED.SPLIT_LOADS</event>
		<event alias="b">INST_RETIRED.ANY</event>
		<formula>a/b</formula>
	</metric>	

	<metric name="metric_stores splits per instr">
        <throughput-metric-name>metric_stores splits per txn</throughput-metric-name>
		<event alias="a">MEM_UOPS_RETIRED.SPLIT_STORES</event>
		<event alias="b">INST_RETIRED.ANY</event>
		<formula>a/b</formula>
	</metric>	

	<metric name="metric_locks retired per instr">
        <throughput-metric-name>metric_locks retired per txn</throughput-metric-name>
		<event alias="a">MEM_UOPS_RETIRED.LOCK_LOADS</event>
		<event alias="b">INST_RETIRED.ANY</event>
		<formula>a/b</formula>
	</metric>	

	<metric name="metric_L1D demand data read MPI">
        <throughput-metric-name>metric_L1D demand data read misses per txn</throughput-metric-name>
		<event alias="a">MEM_LOAD_UOPS_RETIRED.L1_MISS</event>
		<event alias="b">INST_RETIRED.ANY</event>
		<formula>a/b</formula>
	</metric>
	
	<metric name="metric_L1-I code read misses (w/ prefetches) per instr">
        <throughput-metric-name>metric_L1I code read misses (includes prefetches) per txn</throughput-metric-name>
		<event alias="a">ICACHE.MISSES</event>
		<event alias="b">INST_RETIRED.ANY</event>
		<formula>a/b</formula>
	</metric>

	<metric name="metric_streaming stores per instr">
        <throughput-metric-name>metric_streaming stores (full and partial lines) per txn</throughput-metric-name>
		<event alias="a">OCR.STREAMING_WR.ANY_RESPONSE</event>
		<event alias="b">INST_RETIRED.ANY</event>
		<formula>a/b</formula>
	</metric>	

	<metric name="metric_full streaming stores per instr">
        <throughput-metric-name>metric_streaming stores (full and partial lines) per txn</throughput-metric-name>
		<event alias="a">OCR.FULL_STREAMING_WR.ANY_RESPONSE</event>
		<event alias="b">INST_RETIRED.ANY</event>
		<formula>a/b</formula>
	</metric>	

	<metric name="metric_partial streaming stores per instr">
        <throughput-metric-name>metric_streaming stores (full and partial lines) per txn</throughput-metric-name>
		<event alias="a">OCR.PARTIAL_STREAMING_WR.ANY_RESPONSE</event>
		<event alias="b">INST_RETIRED.ANY</event>
		<formula>a/b</formula>
	</metric>	
	
<!-- need event for L1 D fills, or L2 requests
	<metric name="metric_L1D MPI (includes data+rfo w/ prefetches)">
        <throughput-metric-name>metric_L1D misses per txn (includes data+rfo w/ prefetches)</throughput-metric-name>
		<event alias="a">L1D.REPLACEMENT</event>
		<event alias="b">INST_RETIRED.ANY</event>
		<formula>a/b</formula>
	</metric>
-->

	<metric name="metric_L1D demand data read hits per instr">
        <throughput-metric-name>metric_L1D demand data read hits per txn</throughput-metric-name>
		<event alias="a">MEM_LOAD_UOPS_RETIRED.L1_HIT</event>
		<event alias="b">INST_RETIRED.ANY</event>
		<formula>a/b</formula>
	</metric>

	<metric name="metric_L2 demand data read hits per instr">
        <throughput-metric-name>metric_L2 demand data read hits per txn</throughput-metric-name>
		<event alias="a">MEM_LOAD_UOPS_RETIRED.L2_HIT</event>
		<event alias="b">INST_RETIRED.ANY</event>
		<formula>a/b</formula>
	</metric>

	<metric name="metric_L2 MPI (includes code+data+rfo w/ prefetches)">
        <throughput-metric-name>metric_L2 misses per txn (includes code+data+rfo w/ prefetches)</throughput-metric-name>
		<event alias="a">LONGEST_LAT_CACHE.MISS</event>
		<event alias="b">INST_RETIRED.ANY</event>
		<formula>a/b</formula>
	</metric>
	
 	<metric name="metric_L2 demand data read MPI">
        <throughput-metric-name>metric_L2 demand data read misses per txn</throughput-metric-name>
		<event alias="a">MEM_LOAD_UOPS_RETIRED.L2_MISS</event>
		<event alias="b">INST_RETIRED.ANY</event>
		<formula>a/b</formula>
	</metric>
	
	<metric name="metric_L2 references per instr (includes code+data+rfo w/ prefetches)">
        <throughput-metric-name>metric_L2 references per txn (includes code+data+rfo w/ prefetches)</throughput-metric-name>
		<event alias="a">LONGEST_LAT_CACHE.REFERENCE</event>
		<event alias="b">INST_RETIRED.ANY</event>
		<formula>a/b</formula>
	</metric>

	<metric name="metric_L2 demand code MPI">
        <throughput-metric-name>metric_L2 demand code misses per txn</throughput-metric-name>
		<event alias="a">OCR.DEMAND_CODE_RD.ANY_RESPONSE</event>
		<event alias="b">INST_RETIRED.ANY</event>
		<formula>a/b</formula>
	</metric>

	<metric name="metric_L2 Any local request that HITM in a sibling core (per instr)">
        <throughput-metric-name>metric_L2 Any local request that HITM in a sibling core per txn</throughput-metric-name>
		<event alias="a">OCR.ALL_REQUESTS.L3_HIT.SNOOP_HITM</event>
		<event alias="c">INST_RETIRED.ANY</event>
		<formula>a/c</formula>
	</metric>	

	<metric name="metric_L2 Any local request that HIT in a sibling core and forwarded(per instr)">
        <throughput-metric-name>metric_L2 Any local request that HIT in a sibling core and forwarded per txn</throughput-metric-name>
		<event alias="a">OCR.ALL_REQUESTS.L3_HIT.SNOOP_HIT_WITH_FWD</event>
		<event alias="c">INST_RETIRED.ANY</event>
		<formula>a/c</formula>
	</metric>

<!-- 
	<metric name="metric_L2 all L2 prefetches(per instr)">
        <throughput-metric-name>metric_L2 all L2 prefetches per txn</throughput-metric-name>
		<event alias="a">L2_RQSTS.ALL_HWPF</event>
		<event alias="c">INST_RETIRED.ANY</event>
		<formula>a/c</formula>
	</metric>	
-->

<!-- Misleading data when prefetchers are enabled due to high rate of XQ promotions -->
 	<metric name="metric_L2 read miss latency (in core clocks)">
		<event alias="a">OCR.DEMAND_DATA_RD.OUTSTANDING</event>
		<event alias="b">OCR.DEMAND_DATA_RD.ANY_RESPONSE</event>
		<formula>a/b</formula>
	</metric>
 

<!-- 
	<metric name="metric_L2 % of all lines evicted that are unused prefetches">
		<event alias="a">L2_LINES_OUT.USELESS_HWPF</event>
		<event alias="b">L2_LINES_OUT.NON_SILENT</event>
		<event alias="c">L2_LINES_OUT.SILENT</event>
		<constant alias="threads">system.sockets[0][0].size</constant>      
		<formula>100*a/(b+(c/threads))</formula>
	</metric>
-->

<!-- 
	<metric name="metric_L2 % of L2 evictions that are allocated into L3">
		<event alias="a">L2_LINES_OUT.NON_SILENT</event>
		<event alias="b">IDI_MISC.WB_DOWNGRADE</event>
		<formula>100*(a-b)/a</formula>
	</metric>
-->

<!-- 
	<metric name="metric_L2 % of L2 evictions that are NOT allocated into L3">
		<event alias="a">L2_LINES_OUT.NON_SILENT</event>
		<event alias="b">IDI_MISC.WB_DOWNGRADE</event>
		<formula>100*b/a</formula>
	</metric>
-->

    <metric name="metric_core writebacks to memory per instr">
        <throughput-metric-name>metric_core modified writebacks to memory per txn</throughput-metric-name>
        <event alias="a">OCR.COREWB_M.ANY_RESPONSE</event>
		<event alias="b">INST_RETIRED.ANY</event>
		<formula>a/b</formula>
    </metric>

	<metric name="metric_machine clears per instr">
        <throughput-metric-name>metric_machine clears per txn</throughput-metric-name>
		<event alias="a">MACHINE_CLEARS.ANY</event>
		<event alias="b">INST_RETIRED.ANY</event>
		<formula>a/b</formula>
	</metric>

    <metric name="metric_% cycles spent in divider busy">
        <event alias="a">CYCLES_DIV_BUSY.ANY</event>
        <event alias="b">CPU_CLK_UNHALTED.CORE</event>
        <formula>100*(a/b)</formula>
    </metric>

	<metric name="metric_LLC code references hit in LLC per instr (prefetches included)">
        <throughput-metric-name>metric_LLC code references hit in LLC per txn (prefetches included)</throughput-metric-name>
		<event alias="b">UNC_CHA_TOR_INSERTS.IA_HIT_CRD</event>
		<event alias="c">UNC_CHA_TOR_INSERTS.IA_HIT_CRD_PREF</event>
		<event alias="d">INST_RETIRED.ANY</event>
		<formula>(b+c)/d</formula>
	</metric>

	<metric name="metric_LLC data read references hit in LLC per instr (prefetches included)">
        <throughput-metric-name>metric_LLC data read references hit in LLC per txn (prefetches included)</throughput-metric-name>
		<event alias="b">UNC_CHA_TOR_INSERTS.IA_HIT_DRD_OPT</event>
		<event alias="c">UNC_CHA_TOR_INSERTS.IA_HIT_DRD_OPT_PREF</event>
		<event alias="d">INST_RETIRED.ANY</event>
		<formula>(b+c)/d</formula>
	</metric>

	<metric name="metric_LLC RFO references hit in LLC per instr (prefetches included)">
        <throughput-metric-name>metric_LLC RFO references hit in LLC per txn (prefetches included)</throughput-metric-name>
		<event alias="b">UNC_CHA_TOR_INSERTS.IA_HIT_RFO</event>
		<event alias="c">UNC_CHA_TOR_INSERTS.IA_HIT_RFO_PREF</event>
		<event alias="d">INST_RETIRED.ANY</event>
		<formula>(b+c)/d</formula>
	</metric>

	<metric name="metric_LLC MPI (includes code+data+rfo w/ prefetches)">
        <throughput-metric-name>metric_LLC misses per txn (includes code+data+rfo w/ prefetches)</throughput-metric-name>
		<event alias="b">UNC_CHA_TOR_INSERTS.IA_MISS_CRD</event>
		<event alias="c">UNC_CHA_TOR_INSERTS.IA_MISS_CRD_PREF</event>
		<event alias="e">UNC_CHA_TOR_INSERTS.IA_MISS_DRD_OPT</event>
		<event alias="f">UNC_CHA_TOR_INSERTS.IA_MISS_DRD_OPT_PREF</event>
		<event alias="h">UNC_CHA_TOR_INSERTS.IA_MISS_RFO</event>
		<event alias="j">UNC_CHA_TOR_INSERTS.IA_MISS_RFO_PREF</event>
		<event alias="k">INST_RETIRED.ANY</event>
		<formula>(b+c+e+f+h+j)/k</formula>
	</metric>

	<metric name="metric_LLC data read MPI (demand+prefetch)">
        <throughput-metric-name>metric_LLC data read (demand+prefetch) misses per txn</throughput-metric-name>
		<event alias="b">UNC_CHA_TOR_INSERTS.IA_MISS_DRD_OPT</event>
		<event alias="c">UNC_CHA_TOR_INSERTS.IA_MISS_DRD_OPT_PREF</event>
		<event alias="d">INST_RETIRED.ANY</event>
		<formula>(b+c)/d</formula>
	</metric>

	<metric name="metric_LLC RFO read MPI (demand+prefetch)">
        <throughput-metric-name>metric_LLC RFO read (demand+prefetch) misses per txn</throughput-metric-name>
		<event alias="b">UNC_CHA_TOR_INSERTS.IA_MISS_RFO</event>
		<event alias="c">UNC_CHA_TOR_INSERTS.IA_MISS_RFO_PREF</event>
		<event alias="d">INST_RETIRED.ANY</event>
		<formula>(b+c)/d</formula>
	</metric>

	<metric name="metric_LLC code read MPI (demand+prefetch)">
        <throughput-metric-name>metric_LLC code read (demand+prefetch) misses per txn</throughput-metric-name>
		<event alias="b">UNC_CHA_TOR_INSERTS.IA_MISS_CRD</event>
		<event alias="c">UNC_CHA_TOR_INSERTS.IA_MISS_CRD_PREF</event>
		<event alias="d">INST_RETIRED.ANY</event>
		<formula>(b+c)/d</formula>
	</metric>

    <metric name="metric_Average LLC demand data read miss latency (in ns)">
		<event alias="a">UNC_CHA_TOR_OCCUPANCY.IA_MISS_DRD_OPT</event>
        <event alias="b">UNC_CHA_TOR_INSERTS.IA_MISS_DRD_OPT</event>
        <event alias="c">UNC_CHA_CLOCKTICKS</event>
		<constant alias="socket_count">1</constant>
		<!-- In case the # of cache slices is not the same as the # of cores (as in the case of offlining some cores,
			change the cores.count below to the actual number of slices present (which is the original core count -->
        <!-- <constant alias="d">(system.sockets[0].cores.count)/4</constant> -->
	    <constant alias="d">6</constant>
        <formula>1000000000*(a/b)/(c/(d*socket_count))</formula>
        <formula socket="0">1000000000*(a[0]/b[0])/(c[0]/d)</formula>
        <formula socket="1">1000000000*(a[1]/b[1])/(c[1]/d)</formula>
    </metric>

    <metric name="metric_Average LLC prefetch data read miss latency (in ns)">
        <event alias="a">UNC_CHA_TOR_OCCUPANCY.IA_MISS_DRD_OPT_PREF</event>
        <event alias="b">UNC_CHA_TOR_INSERTS.IA_MISS_DRD_OPT_PREF</event>
        <event alias="c">UNC_CHA_CLOCKTICKS</event>
        <constant alias="socket_count">1</constant>
		<!-- In case the # of cache slices is not the same as the # of cores (as in the case of offlining some cores,
			change the cores.count below to the actual number of slices present (which is the original core count -->
        <!-- <constant alias="d">(system.sockets[0].cores.count)/4</constant> -->
	    <constant alias="d">6</constant>
        <formula>1000000000*(a/b)/(c/(d*socket_count))</formula>
        <formula socket="0">1000000000*(a[0]/b[0])/(c[0]/d)</formula>
        <formula socket="1">1000000000*(a[1]/b[1])/(c[1]/d)</formula>
    </metric>

    <metric name="metric_Average LLC RFO (demand) miss latency (in ns)">
        <event alias="a">UNC_CHA_TOR_OCCUPANCY.IA_MISS_RFO</event>
        <event alias="b">UNC_CHA_TOR_INSERTS.IA_MISS_RFO</event>
        <event alias="c">UNC_CHA_CLOCKTICKS</event>
        <constant alias="socket_count">1</constant>
		<!-- In case the # of cache slices is not the same as the # of cores (as in the case of offlining some cores,
			change the cores.count below to the actual number of slices present (which is the original core count -->
        <!-- <constant alias="d">(system.sockets[0].cores.count)/4</constant> -->
	    <constant alias="d">6</constant>
        <formula>1000000000*(a/b)/(c/(d*socket_count))</formula>
        <formula socket="0">1000000000*(a[0]/b[0])/(c[0]/d)</formula>
        <formula socket="1">1000000000*(a[1]/b[1])/(c[1]/d)</formula>
    </metric>

    <metric name="metric_Average LLC RFO (prefetch) miss latency (in ns)">
        <event alias="a">UNC_CHA_TOR_OCCUPANCY.IA_MISS_RFO_PREF</event>
        <event alias="b">UNC_CHA_TOR_INSERTS.IA_MISS_RFO_PREF</event>
        <event alias="c">UNC_CHA_CLOCKTICKS</event>
        <constant alias="socket_count">1</constant>
		<!-- In case the # of cache slices is not the same as the # of cores (as in the case of offlining some cores,
			change the cores.count below to the actual number of slices present (which is the original core count -->
        <!-- <constant alias="d">(system.sockets[0].cores.count)/4</constant> -->
	    <constant alias="d">6</constant>
        <formula>1000000000*(a/b)/(c/(d*socket_count))</formula>
        <formula socket="0">1000000000*(a[0]/b[0])/(c[0]/d)</formula>
        <formula socket="1">1000000000*(a[1]/b[1])/(c[1]/d)</formula>
    </metric>

	<metric name="metric_SF snoop filter capacity evictions (per instr)">
        <throughput-metric-name>metric_SF snoop filter capacity evictions per txn</throughput-metric-name>
		<event alias="a">UNC_CHA_SF_EVICTION.M_STATE</event>
		<event alias="b">UNC_CHA_SF_EVICTION.S_STATE</event>
		<event alias="c">UNC_CHA_SF_EVICTION.E_STATE</event>
		<event alias="d">INST_RETIRED.ANY</event>
		<formula>(a+b+c)/d</formula>
	</metric>

<!-- 
	<metric name="metric_SF % of L3 accesses that result in SF capacity evictions">
        <throughput-metric-name>metric_SF snoop filter capacity evictions per txn</throughput-metric-name>
		<event alias="a">UNC_CHA_SF_EVICTION.M_STATE</event>
		<event alias="b">UNC_CHA_SF_EVICTION.S_STATE</event>
		<event alias="c">UNC_CHA_SF_EVICTION.E_STATE</event>
		<event alias="d">L2_LINES_IN.ALL</event>
		<formula>100*(a+b+c)/d</formula>
	</metric>
-->

	<metric name="metric_ITLB (2nd level) MPI">
        <throughput-metric-name>metric_ITLB (2nd level) misses per txn</throughput-metric-name>
		<event alias="a">ITLB_MISSES.WALK_COMPLETED_1G</event>
		<event alias="b">ITLB_MISSES.WALK_COMPLETED_2M_4M</event>
		<event alias="c">ITLB_MISSES.WALK_COMPLETED_4K</event>
		<event alias="d">INST_RETIRED.ANY</event>
		<formula>(a+b+c)/d</formula>
	</metric>

	<metric name="metric_ITLB (2nd level) large page MPI">
        <throughput-metric-name>metric_ITLB (2nd level) large page misses per txn</throughput-metric-name>
		<event alias="a">ITLB_MISSES.WALK_COMPLETED_2M_4M</event>
		<event alias="b">INST_RETIRED.ANY</event>
		<formula>a/b</formula>
	</metric>

	<metric name="metric_STLB data page hits per instr">
        <throughput-metric-name>metric_STLB data page hits per txn</throughput-metric-name>
		<event alias="a">DTLB_LOAD_MISSES.STLB_HIT</event>
		<event alias="b">INST_RETIRED.ANY</event>
		<formula>a/b</formula>
	</metric>

	<metric name="metric_DTLB (2nd level) load MPI">
        <throughput-metric-name>metric_DTLB (2nd level) load misses per txn</throughput-metric-name>
		<event alias="a">DTLB_LOAD_MISSES.WALK_COMPLETED_4K</event>
		<event alias="b">DTLB_LOAD_MISSES.WALK_COMPLETED_2M_4M</event>
		<event alias="c">DTLB_LOAD_MISSES.WALK_COMPLETED_1G</event>
		<event alias="d">INST_RETIRED.ANY</event>
		<formula>(a+b+c)/d</formula>
	</metric>
 
	<metric name="metric_DTLB (2nd level) 4KB page load MPI">
        <throughput-metric-name>metric_DTLB (2nd level) 4KB page load misses per txn</throughput-metric-name>
		<event alias="a">DTLB_LOAD_MISSES.WALK_COMPLETED_4K</event>
		<event alias="b">INST_RETIRED.ANY</event>
		<formula>a/b</formula>
	</metric>
	
	<metric name="metric_DTLB (2nd level) 2MB large page load MPI">
        <throughput-metric-name>metric_DTLB (2nd level) 2MB large page load misses per txn</throughput-metric-name>
		<event alias="a">DTLB_LOAD_MISSES.WALK_COMPLETED_2M_4M</event>
		<event alias="b">INST_RETIRED.ANY</event>
		<formula>a/b</formula>
	</metric>

	<metric name="metric_DTLB (2nd level) 1GB large page load MPI">
        <throughput-metric-name>metric_DTLB (2nd level) 1GB large page load misses per txn</throughput-metric-name>
		<event alias="a">DTLB_LOAD_MISSES.WALK_COMPLETED_1G</event>
		<event alias="b">INST_RETIRED.ANY</event>
		<formula>a/b</formula>
	</metric>
	
	<metric name="metric_DTLB (2nd level) store MPI">
        <throughput-metric-name>metric_DTLB (2nd level) store misses per txn</throughput-metric-name>
		<event alias="a">DTLB_STORE_MISSES.WALK_COMPLETED_4K</event>
		<event alias="b">DTLB_STORE_MISSES.WALK_COMPLETED_2M_4M</event>
		<event alias="c">DTLB_STORE_MISSES.WALK_COMPLETED_1G</event>
		<event alias="d">INST_RETIRED.ANY</event>
		<formula>(a+b+c)/d</formula>
	</metric>

	<metric name="metric_DTLB load miss latency (in core clks)">
		<event alias="a">DTLB_LOAD_MISSES.WALK_PENDING</event>
		<event alias="b">DTLB_LOAD_MISSES.WALK_COMPLETED_4K</event>
		<event alias="c">DTLB_LOAD_MISSES.WALK_COMPLETED_2M_4M</event>
		<event alias="d">DTLB_LOAD_MISSES.WALK_COMPLETED_1G</event>
		<formula>a/(b+c+d)</formula>
	</metric>

	<metric name="metric_DTLB store miss latency (in core clks)">
		<event alias="a">DTLB_STORE_MISSES.WALK_PENDING</event>
		<event alias="b">DTLB_STORE_MISSES.WALK_COMPLETED_4K</event>
		<event alias="c">DTLB_STORE_MISSES.WALK_COMPLETED_2M_4M</event>
		<event alias="d">DTLB_STORE_MISSES.WALK_COMPLETED_1G</event>
		<formula>a/(b+c+d)</formula>
	</metric>

	<metric name="metric_ITLB miss latency (in core clks)">
		<event alias="a">ITLB_MISSES.WALK_PENDING</event>
		<event alias="b">ITLB_MISSES.WALK_COMPLETED_4K</event>
		<event alias="c">ITLB_MISSES.WALK_COMPLETED_2M_4M</event>
		<event alias="d">ITLB_MISSES.WALK_COMPLETED_1G</event>
		<formula>a/(b+c+d)</formula>
	</metric>

<!-- MODIFY TO MATCH TNT TO CHA RATIO -->
	<metric name="metric_uncore frequency GHz">
        <event alias="a">UNC_CHA_CLOCKTICKS</event>
        <constant alias="b">system.sockets[0].cores.count</constant>
        <constant alias="socket_count">1</constant>
        <formula>a/((b/4)*socket_count)/1000000000</formula>
        <formula socket="0">(a[0]/(b/4))/1000000000</formula>
        <formula socket="1">(a[1]/(b/4))/1000000000</formula> 
    </metric>

    <metric name="metric_HA - Reads vs. all requests">
      <event alias="a">UNC_CHA_REQUESTS.READS</event>
      <event alias="b">UNC_CHA_REQUESTS.WRITES</event>
      <formula>a/(a+b)</formula>
    </metric>

    <metric name="metric_HA - Writes vs. all requests">
      <event alias="a">UNC_CHA_REQUESTS.READS</event>
      <event alias="b">UNC_CHA_REQUESTS.WRITES</event>
      <formula>b/(a+b)</formula>
    </metric>

<!-- No M2M until SNR B0
    <metric name="metric_M2M XPT prefetches (per instr)">
        <throughput-metric-name>metric_M2M XPT prefetches (per txn)</throughput-metric-name>
		<event alias="a">UNC_M2M_PREFCAM_INSERTS.ALL_XPT</event>
		<event alias="c">INST_RETIRED.ANY</event>
		<formula>a/c</formula>
    </metric>
-->

<!-- No M2M until SNR B0	
    <metric name="metric_M2M extra reads from XPT prefetches (per instr)">
        <throughput-metric-name>metric_M2M useless XPT prefetches (per txn)</throughput-metric-name>
		<event alias="a">UNC_M2M_PREFCAM_INSERTS.ALL_XPT</event>
		<event alias="c">UNC_M2M_PREFCAM_DEMAND_MERGE.ALL_XPT</event>
		<event alias="e">INST_RETIRED.ANY</event>
		<formula>(a-c)/e</formula>
    </metric>
-->

    <metric name="metric_DDR data rate (MT/sec)">
        <event alias="a">UNC_M_CLOCKTICKS</event>
        <constant alias="socket_count">1</constant>
        <!-- Assumed 6 memory channels populated in each socket; if not change the constant below -->
        <constant alias="channels_populated_per_socket">2</constant>
        <formula>2*a/(socket_count*channels_populated_per_socket)/1000000</formula>
        <formula socket="0">2*a[0]/channels_populated_per_socket/1000000</formula>
	 	<formula socket="1">2*a[1]/channels_populated_per_socket/1000000</formula>
     </metric>

    <metric name="metric_memory bandwidth read (MB/sec)">
        <event alias="a">UNC_M_CAS_COUNT.RD</event>
        <formula>a*64/1000000</formula>
    </metric>

    <metric name="metric_memory bandwidth write (MB/sec)">
        <event alias="a">UNC_M_CAS_COUNT.WR</event>
        <formula>a*64/1000000</formula>
    </metric>

    <metric name="metric_memory bandwidth total (MB/sec)">
        <event alias="a">UNC_M_CAS_COUNT.RD</event>
        <event alias="b">UNC_M_CAS_COUNT.WR</event>
        <formula>(a+b)*64/1000000</formula>
    </metric>

<!-- PRECHARGE EVENTS FOR PAGE HIT AND MISS -->

<!-- No M2M until SNR B0
    <metric name="metric_memory extra read b/w due to XPT prefetches (MB/sec)">
        <event alias="a">UNC_M2M_PREFCAM_INSERTS</event>
        <event alias="b">UNC_M2M_PREFCAM_DEMAND_PROMOTIONS</event>
        <formula>(a-b)*64/1000000</formula>
    </metric>
-->

 
    <metric name="metric_memory RPQ PCH0 read latency (ns)">
		<event alias="a">UNC_M_CLOCKTICKS</event>
        <event alias="b">UNC_M_RPQ_INSERTS.PCH0</event>
        <event alias="c">UNC_M_RPQ_OCCUPANCY_PCH0</event>
        <constant alias="socket_count">1</constant>
        <!-- Assumed 6 memory channels populated in each socket; if not change the constant below -->
		<constant alias="channels_populated_per_socket">2</constant>
        <formula>((c/b)/((a/2)/(socket_count*channels_populated_per_socket)))*1000000000</formula>
        <formula socket="0">((c[0]/b[0])/((a[0]/2)/(channels_populated_per_socket)))*1000000000</formula>
        <formula socket="1">((c[1]/b[1])/((a[1]/2)/(channels_populated_per_socket)))*1000000000</formula>
    </metric>


    <metric name="metric_memory RPQ PCH1 read latency (ns)">
        <event alias="a">UNC_M_CLOCKTICKS</event>
        <event alias="b">UNC_M_RPQ_INSERTS.PCH1</event>
        <event alias="c">UNC_M_RPQ_OCCUPANCY_PCH1</event>
        <constant alias="socket_count">1</constant>
        <!-- Assumed 6 memory channels populated in each socket; if not change the constant below -->
        <constant alias="channels_populated_per_socket">2</constant>
        <formula>((c/b)/((a/2)/(socket_count*channels_populated_per_socket)))*1000000000</formula>
        <formula socket="0">((c[0]/b[0])/((a[0]/2)/(channels_populated_per_socket)))*1000000000</formula>
        <formula socket="1">((c[1]/b[1])/((a[1]/2)/(channels_populated_per_socket)))*1000000000</formula>
    </metric>

    <metric name="metric_memory avg entries in RPQ">
		<event alias="a">UNC_M_CLOCKTICKS</event>
        <event alias="b">UNC_M_RPQ_OCCUPANCY_PCH0</event>
        <event alias="c">UNC_M_RPQ_OCCUPANCY_PCH1</event>
        <formula>(b+c)/(a/2)</formula>
    </metric>

    <metric name="metric_memory avg entries in RPQ when not empty">
        <event alias="a">UNC_M_RPQ_OCCUPANCY_PCH0</event>
        <event alias="b">UNC_M_RPQ_CYCLES_NE.PCH0</event>
        <event alias="c">UNC_M_RPQ_OCCUPANCY_PCH1</event>
        <event alias="d">UNC_M_RPQ_CYCLES_NE.PCH1</event>
       <formula>(a/b)+(c/d)</formula>
    </metric>

	<metric name="metric_memory % cycles when RPQ is empty">
        <event alias="a">UNC_M_CLOCKTICKS</event>
        <event alias="c">UNC_M_RPQ_CYCLES_NE.PCH0</event>
       <formula>100*(1-c/(a/2))</formula>
    </metric>

	<metric name="metric_memory % cycles when RPQ has 1 or more entries">
        <event alias="a">UNC_M_CLOCKTICKS</event>
        <event alias="c">UNC_M_RPQ_CYCLES_NE.PCH0</event>
       <formula>100*c/(a/2)</formula>
    </metric>
	<metric name="metric_memory % cycles when RPQ has 10 or more entries">
        <event alias="a">UNC_M_CLOCKTICKS</event>
        <event alias="c">UNC_M_RPQ_OCCUPANCY_PCH0:t=10</event>
       <formula>100*c/(a/2)</formula>
    </metric>

	<metric name="metric_memory % cycles when RPQ has 20 or more entries">
        <event alias="a">UNC_M_CLOCKTICKS</event>
        <event alias="c">UNC_M_RPQ_OCCUPANCY_PCH0:t=20</event>
       <formula>100*c/(a/2)</formula>
    </metric>

	<metric name="metric_memory % cycles when RPQ has 30 or more entries">
        <event alias="a">UNC_M_CLOCKTICKS</event>
        <event alias="c">UNC_M_RPQ_OCCUPANCY_PCH0:t=30</event>
       <formula>100*c/(a/2)</formula>
    </metric>

<!-- seems to be broken
	<metric name="metric_memory % cycles when RPQ is full">
        <event alias="a">UNC_M_CLOCKTICKS</event>
        <event alias="c">UNC_M_RPQ_CYCLES_FULL_PCH0</event>
       <formula>100*c/(a/2)</formula>
    </metric>
-->

<!--
	<metric name="metric_CHA % cyles Fast asserted">
		<event alias="a">UNC_CHA_DISTRESS_ASSERTED.VERT</event>
        <event alias="c">UNC_CHA_CLOCKTICKS</event>
		<formula>100*a/c</formula>
	</metric>
	
	<metric name="metric_CHA % cyles Fast asserted for dynamic prefetch throttle">
		<event alias="a">UNC_CHA_DISTRESS_ASSERTED.DPT_LOCAL</event>
		<event alias="c">UNC_CHA_CLOCKTICKS</event>
		<formula>100*(a)/c</formula>
	</metric>
-->	
<!--
    <metric name="metric_CHA RxC IRQ latency (ns)">
        <event alias="a">UNC_CHA_RxC_OCCUPANCY.IRQ</event>
        <event alias="b">UNC_CHA_RxC_INSERTS.IRQ</event>
        <event alias="c">UNC_CHA_CLOCKTICKS</event>
       <constant alias="socket_count">1</constant>
-->
  	<!-- In case the # of cache slices is not the same as the # of cores (as in the case of offlining some cores,
			change the cores.count below to the actual number of slices present (which is the original core count -->
<!--
       <constant alias="d">system.sockets[0].cores.count</constant>
         <formula>1000000000*(a/b)/(c/(d*socket_count))</formula>
        <formula socket="0">1000000000*(a[0]/b[0])/(c[0]/d)</formula>
        <formula socket="1">1000000000*(a[1]/b[1])/(c[1]/d)</formula>
    </metric>
-->

<!--
    <metric name="metric_CHA RxC IRQ avg entries">
        <event alias="a">UNC_CHA_RxC_OCCUPANCY.IRQ</event>
        <event alias="c">UNC_CHA_CLOCKTICKS</event>
        <formula>a/c</formula>
    </metric>
	
    <metric name="metric_CHA RxC IRQ % cycles when Q has 18 or more entries">
        <event alias="a">UNC_CHA_CLOCKTICKS</event>
        <event alias="c">UNC_CHA_RxC_OCCUPANCY.IRQ:t=18</event>
       <formula>100*c/a</formula>
    </metric>
-->

<!-- No M2M until SNR B0
    <metric name="metric_M2M avg entries in TxC AD Q">
        <event alias="a">UNC_CHA_CLOCKTICKS</event>
        <event alias="c">UNC_M2M_TxC_AD_OCCUPANCY</event>
       <formula>c/a</formula>
    </metric>
-->

<!-- No M2M until SNR B0
    <metric name="metric_M2M avg entries in TxC BL Q">
        <event alias="a">UNC_CHA_CLOCKTICKS</event>
        <event alias="c">UNC_M2M_TxC_BL_OCCUPANCY.ALL</event>
       <formula>c/a</formula>
    </metric>
-->

<!-- No M2M until SNR B0
    <metric name="metric_M2M RxC AD latency (ns)">
        <event alias="a">UNC_M2M_RxC_AD_OCCUPANCY</event>
        <event alias="b">UNC_M2M_RxC_AD_INSERTS</event>
        <event alias="c">UNC_CHA_CLOCKTICKS</event>
       <constant alias="socket_count">1</constant>
-->
		<!-- In case the # of cache slices is not the same as the # of cores (as in the case of offlining some cores,
			change the cores.count below to the actual number of slices present (which is the original core count -->
 <!--
	   <constant alias="d">system.sockets[0].cores.count</constant>
         <formula>1000000000*(a/b)/(c/(d*socket_count))</formula>
        <formula socket="0">1000000000*(a[0]/b[0])/(c[0]/d)</formula>
        <formula socket="1">1000000000*(a[1]/b[1])/(c[1]/d)</formula>
    </metric>
	
-->

<!-- No M2M until SNR B0	
    <metric name="metric_M2M RxC AD avg entries">
        <event alias="a">UNC_M2M_RxC_AD_OCCUPANCY</event>
        <event alias="c">UNC_CHA_CLOCKTICKS</event>
        <formula>a/c</formula>
    </metric>
-->

<!-- No M2M until SNR B0
    <metric name="metric_M2M RxC BL latency (ns)">
        <event alias="a">UNC_M2M_RxC_BL_OCCUPANCY</event>
        <event alias="b">UNC_M2M_RxC_BL_INSERTS</event>
        <event alias="c">UNC_CHA_CLOCKTICKS</event>
       <constant alias="socket_count">1</constant>
-->
		<!-- In case the # of cache slices is not the same as the # of cores (as in the case of offlining some cores,
			change the cores.count below to the actual number of slices present (which is the original core count -->
<!--
	   <constant alias="d">system.sockets[0].cores.count</constant>
         <formula>1000000000*(a/b)/(c/(d*socket_count))</formula>
        <formula socket="0">1000000000*(a[0]/b[0])/(c[0]/d)</formula>
        <formula socket="1">1000000000*(a[1]/b[1])/(c[1]/d)</formula>
    </metric>
-->

<!-- No M2M until SNR B0
    <metric name="metric_M2M RxC BL avg entries">
        <event alias="a">UNC_M2M_RxC_BL_OCCUPANCY</event>
        <event alias="c">UNC_CHA_CLOCKTICKS</event>
        <formula>a/c</formula>
    </metric>
-->

    <metric name="metric_IA_bandwidth_reads (MB/sec)">
        <event alias="a">UNC_CHA_TOR_INSERTS.IA_HIT_DRD_OPT</event>
        <event alias="b">UNC_CHA_TOR_INSERTS.IA_MISS_DRD_OPT</event>
        <event alias="c">UNC_CHA_TOR_INSERTS.IA_HIT_DRD_OPT_PREF</event>
        <event alias="d">UNC_CHA_TOR_INSERTS.IA_MISS_DRD_OPT_PREF</event>
         <formula>(a+b+c+d)*64/1000000</formula>
    </metric>

    <metric name="metric_IA_read cache miss bandwidth (MB/sec)">
        <event alias="a">UNC_CHA_TOR_INSERTS.IA_MISS_DRD_OPT</event>
        <event alias="b">UNC_CHA_TOR_INSERTS.IA_MISS_DRD_OPT_PREF</event>
        <formula>(a+b)*64/1000000</formula>
    </metric>

    <metric name="metric_IA_bandwidth_RFO (MB/sec)">
        <event alias="a">UNC_CHA_TOR_INSERTS.IA_HIT_RFO</event>
        <event alias="b">UNC_CHA_TOR_INSERTS.IA_HIT_RFO_PREF</event>
        <event alias="c">UNC_CHA_TOR_INSERTS.IA_MISS_RFO</event>
        <event alias="d">UNC_CHA_TOR_INSERTS.IA_MISS_RFO_PREF</event>
        <formula>(a+b+c+d)*64/1000000</formula>
    </metric>

    <metric name="metric_IA_RFO cache miss bandwidth (MB/sec)">
        <event alias="a">UNC_CHA_TOR_INSERTS.IA_MISS_RFO</event>
		<event alias="b">UNC_CHA_TOR_INSERTS.IA_MISS_RFO_PREF</event>
        <formula>(a+b)*64/1000000</formula>
    </metric>

    <metric name="metric_IA_bandwidth_Streaming Store (MB/sec)">
        <event alias="a">OCR.STREAMING_WR.ANY_RESPONSE</event>
        <formula>a*64/1000000</formula>
    </metric>

    <metric name="metric_IO_bandwidth_disk_or_network_writes (MB/sec)">
        <event alias="a">UNC_IIO_DATA_REQ_OF_CPU.MEM_READ.PART0</event>
        <event alias="b">UNC_IIO_DATA_REQ_OF_CPU.MEM_READ.PART1</event>
		<event alias="c">UNC_IIO_DATA_REQ_OF_CPU.MEM_READ.PART2</event>
        <event alias="d">UNC_IIO_DATA_REQ_OF_CPU.MEM_READ.PART3</event>
        <event alias="e">UNC_IIO_DATA_REQ_OF_CPU.MEM_READ.PART4</event>
        <event alias="f">UNC_IIO_DATA_REQ_OF_CPU.MEM_READ.PART5</event>
        <event alias="g">UNC_IIO_DATA_REQ_OF_CPU.MEM_READ.PART6</event>
        <event alias="h">UNC_IIO_DATA_REQ_OF_CPU.MEM_READ.PART7</event>
         <formula>(a+b+c+d+e+f+g+h)*4/1000000</formula>
    </metric>

    <metric name="metric_IO_read cache miss(disk/network writes) bandwidth (MB/sec)">
        <event alias="a">UNC_CHA_TOR_INSERTS.IO_MISS_RDCUR</event>
        <formula>a*64/1000000</formula>
    </metric>

    <metric name="metric_IO_bandwidth_disk_or_network_reads (MB/sec)">
        <event alias="a">UNC_IIO_DATA_REQ_OF_CPU.MEM_WRITE.PART0</event>
        <event alias="b">UNC_IIO_DATA_REQ_OF_CPU.MEM_WRITE.PART1</event>
        <event alias="c">UNC_IIO_DATA_REQ_OF_CPU.MEM_WRITE.PART2</event>
        <event alias="d">UNC_IIO_DATA_REQ_OF_CPU.MEM_WRITE.PART3</event>
        <event alias="e">UNC_IIO_DATA_REQ_OF_CPU.MEM_WRITE.PART4</event>
        <event alias="f">UNC_IIO_DATA_REQ_OF_CPU.MEM_WRITE.PART5</event>
        <event alias="g">UNC_IIO_DATA_REQ_OF_CPU.MEM_WRITE.PART6</event>
        <event alias="h">UNC_IIO_DATA_REQ_OF_CPU.MEM_WRITE.PART7</event>
         <formula>(a+b+c+d+e+f+g+h)*4/1000000</formula>
    </metric>

    <metric name="metric_IO_write cache miss(disk/network reads) bandwidth (MB/sec)">
        <event alias="a">UNC_CHA_TOR_INSERTS.IO_MISS_ITOM</event>
        <event alias="b">UNC_CHA_TOR_INSERTS.IO_MISS_ITOMCACHENEAR</event>
        <event alias="c">UNC_CHA_TOR_INSERTS.IO_MISS_RFO</event>
		<formula>(a+b+c)*64/1000000</formula>
    </metric>

    <metric name="metric_IO_number of partial PCI writes per sec">
        <event alias="a">UNC_CHA_TOR_INSERTS.IO_HIT_ITOMCACHENEAR</event>
        <event alias="b">UNC_CHA_TOR_INSERTS.IO_MISS_ITOMCACHENEAR</event>
        <event alias="c">UNC_CHA_TOR_INSERTS.IO_HIT_RFO</event>
        <event alias="d">UNC_CHA_TOR_INSERTS.IO_MISS_RFO</event>
        <formula>a+b+c+d</formula>
    </metric>

<!-- EXPERIMENTAL --> 
    <metric name="metric_IO_writes with lost ownership per sec">
        <event alias="a">UNC_I_MISC1.LOST_FWD</event>
        <!-- <event alias="b">UNC_I_COHERENT_OPS.PCITOM</event> -->
        <!-- <formula>100*(a/b)</formula> -->
		<formula>(a)</formula>
    </metric>

    <metric name="metric_memory Page Empty vs. all requests">
        <event alias="a">UNC_M_CAS_COUNT.ALL</event>
        <event alias="b">UNC_M_ACT_COUNT.ALL</event>
        <event alias="c">UNC_M_PRE_COUNT.ALL</event>
        <event alias="d">UNC_M_PRE_COUNT.PGT</event>
        <formula>(b*d)/(a*c)</formula>
    </metric>

    <metric name="metric_memory Page Misses vs. all requests">
        <event alias="a">UNC_M_CAS_COUNT.ALL</event>
        <event alias="b">UNC_M_ACT_COUNT.ALL</event>
        <event alias="c">UNC_M_PRE_COUNT.ALL</event>
        <event alias="d">UNC_M_PRE_COUNT.PGT</event>
        <formula>(b*(c-d))/(a*c)</formula>
    </metric>

    <metric name="metric_memory Page Hits vs. all requests">
        <event alias="a">UNC_M_CAS_COUNT.ALL</event>
        <event alias="b">UNC_M_ACT_COUNT.ALL</event>
        <formula>(a-b)/a</formula>
    </metric>

 <!-- 
    <metric name="metric_% Uops delivered from legacy decode pipeline (MITE)">
        <event alias="a">IDQ.MITE_UOPS</event>
        <event alias="b">UOPS_ISSUED.ANY</event>
        <formula>100*(a/b)</formula>
    </metric>
-->
    <metric name="metric_% Uops delivered from microcode sequencer (MS)">
        <event alias="a">UOPS_RETIRED.MS</event>
        <event alias="b">UOPS_ISSUED.ANY</event>
        <formula>100*(a/b)</formula>
    </metric>

    <metric name="metric_% Uops delivered from loop stream detector (LSD)">
        <event alias="a">UOPS_RETIRED.LSD</event>
        <event alias="b">UOPS_ISSUED.ANY</event>
        <formula>100*(a/b)</formula>
    </metric>
	
<!-- LOOK UP OPCODES
	<metric name="metric_DRAM power (watts)">
		<event alias="a">UNC_DRAM_ENERGY_STATUS</event>
		<formula>a*15.3/1000000</formula>
	</metric>
	
	<metric name="metric_package power (watts)">
		<event alias="a">UNC_PKG_ENERGY_STATUS</event>
		<formula>a*61/1000000</formula>
	</metric>
-->

<!-- move to MSR?
	<metric name="metric_core c6 residency %">
		<event alias="a">FREERUN_CORE_C6_RESIDENCY</event>
		<event alias="b">TSC</event>
		<formula>100*a/b</formula>
	</metric>

	<metric name="metric_package c2 residency %">
		<event alias="a">FREERUN_PKG_C2_RESIDENCY</event>
		<event alias="b">TSC</event>
		<constant alias="cpu_count">system.sockets[0].cpus.count</constant>      
		<formula>100*a*cpu_count/b</formula>
	</metric>
	
	<metric name="metric_package c3 residency %">
		<event alias="a">FREERUN_PKG_C3_RESIDENCY</event>
		<event alias="b">TSC</event>
		<constant alias="cpu_count">system.sockets[0].cpus.count</constant>      
		<formula>100*a*cpu_count/b</formula>
	</metric>
	
	<metric name="metric_package c6 residency %">
		<event alias="a">FREERUN_PKG_C6_RESIDENCY</event>
		<event alias="b">TSC</event>
		<constant alias="cpu_count">system.sockets[0].cpus.count</constant>      
		<formula>100*a*cpu_count/b</formula>
	</metric>
-->
<!-- TMA 	
	<metric name="metric_TMA_Info_CoreIPC">
        <event alias="a">INST_RETIRED.ANY</event>
		<event alias="b">CPU_CLK_UNHALTED.DISTRIBUTED</event>
		<formula>(a/b)</formula>
	</metric>	

	<metric name="metric_TMA_Info_Memory Level Parallelism%">
		<event alias="a">L1D_PEND_MISS.PENDING</event>
		<event alias="b">L1D_PEND_MISS.PENDING_CYCLES</event>		
		<formula>100*a/b</formula>
	</metric>	

	<metric name="metric_TMA_Info_L1D_Load_Miss_Latency(ns)">
		<event alias="a">L1D_PEND_MISS.PENDING</event>
		<event alias="f">MEM_LOAD_RETIRED.FB_HIT</event>		
		<event alias="g">MEM_LOAD_RETIRED.L1_MISS</event>		
        <event alias="c">CPU_CLK_UNHALTED.THREAD</event>
        <event alias="d">CPU_CLK_UNHALTED.REF_TSC</event>
        <constant alias="e">system.tsc_freq</constant>
        <formula>1000000000*(a/(f+g))/(c/d*e)</formula>
	</metric>	

	<metric name="metric_TMA_Info_cycles_both_threads_active(%)">
		<event alias="a">CPU_CLK_UNHALTED.ONE_THREAD_ACTIVE</event>
		<event alias="b">CPU_CLK_UNHALTED.REF_CORE</event>
		<constant alias="threads">system.sockets[0][0].size</constant>      
		<formula>100*(((threads)&lt;2)?0:(1-a/b))</formula>
	</metric>
	
	<metric name="metric_TMA_Frontend_Bound(%)">
		<event alias="a">PERF_METRICS.BAD_SPECULATION</event>
		<event alias="b">PERF_METRICS.FRONTEND_BOUND</event>
		<event alias="c">PERF_METRICS.BACKEND_BOUND</event>
		<event alias="d">PERF_METRICS.RETIRING</event>
		<formula>100*b / ( (b + a + d + c) )</formula>
	</metric>
		
	<metric name="metric_TMA..Frontend_Latency(%)">
		<event alias="a">IDQ_UOPS_NOT_DELIVERED.CYCLES_0_UOPS_DELIV.CORE</event>
		<event alias="b">TOPDOWN.ISSUE_SLOTS:perf_metrics</event>
		<event alias="c">TOPDOWN.ISSUE_SLOTS</event>
		<formula>100*( 5 ) * a / b</formula>
	</metric>
	
	<metric name="metric_TMA....ICache_Misses(%)">
		<event alias="a">CPU_CLK_UNHALTED.THREAD</event>
		<event alias="b">ICACHE_16B.IFDATA_STALL</event>
		<formula>100*b / ( a )</formula>
	</metric>

	<metric name="metric_TMA....ITLB_Misses(%)">
		<event alias="a">CPU_CLK_UNHALTED.THREAD</event>
		<event alias="b">ICACHE_64B.IFTAG_STALL</event>
		<formula>100*b / ( a )</formula>
	</metric>

	<metric name="metric_TMA....Branch_Resteers(%)">
		<event alias="a">INT_MISC.CLEAR_RESTEER_CYCLES</event>
		<event alias="b">CPU_CLK_UNHALTED.THREAD</event>
		<event alias="c">BACLEARS.ANY</event>
		<formula>100*( a + ( 9 ) * c ) / ( b )</formula>
	</metric>

	
	<metric name="metric_TMA......Mispredicts_Resteers(%)">
		<event alias="a">BR_MISP_RETIRED.ALL_BRANCHES</event>
		<event alias="b">INT_MISC.CLEAR_RESTEER_CYCLES</event>
		<event alias="c">CPU_CLK_UNHALTED.THREAD</event>
		<event alias="d">MACHINE_CLEARS.COUNT</event>
		<formula>100*( a / ( a + d ) ) * b / ( c )</formula>
	</metric>
	<metric name="metric_TMA......Clears_Resteers(%)">
		<event alias="a">BR_MISP_RETIRED.ALL_BRANCHES</event>
		<event alias="b">INT_MISC.CLEAR_RESTEER_CYCLES</event>
		<event alias="c">CPU_CLK_UNHALTED.THREAD</event>
		<event alias="d">MACHINE_CLEARS.COUNT</event>
		<formula>100*(1 - ( a / ( a + d ) )) * b / ( c )</formula>
	</metric>

	<metric name="metric_TMA......Unknown_Branches(%)">
		<event alias="a">INT_MISC.CLEAR_RESTEER_CYCLES</event>
		<event alias="b">CPU_CLK_UNHALTED.THREAD</event>
		<event alias="c">BACLEARS.ANY</event>
		<formula>100*(( ( a + ( 9 ) * c ) / ( b ) ) - a / ( b ))</formula>
	</metric>

	<metric name="metric_TMA....DSB_Switches(%)">
		<event alias="a">DSB2MITE_SWITCHES.PENALTY_CYCLES</event>
		<event alias="b">CPU_CLK_UNHALTED.THREAD</event>
		<formula>100*a / ( b )</formula>
	</metric>

	<metric name="metric_TMA....LCP(%)">
		<event alias="a">CPU_CLK_UNHALTED.THREAD</event>
		<event alias="b">ILD_STALL.LCP</event>
		<formula>100*b / ( a )</formula>
	</metric>

	<metric name="metric_TMA....MS_Switches(%)">
		<event alias="a">CPU_CLK_UNHALTED.THREAD</event>
		<event alias="b">IDQ.MS_SWITCHES</event>
		<formula>100*( 3 ) * b / ( a )</formula>
	</metric>

	<metric name="metric_TMA..Frontend_Bandwidth(%)">
		<event alias="a">IDQ_UOPS_NOT_DELIVERED.CYCLES_0_UOPS_DELIV.CORE</event>
		<event alias="b">TOPDOWN.ISSUE_SLOTS:perf_metrics</event>
		<event alias="c">PERF_METRICS.BAD_SPECULATION</event>
		<event alias="d">PERF_METRICS.FRONTEND_BOUND</event>
		<event alias="e">PERF_METRICS.BACKEND_BOUND</event>
		<event alias="f">PERF_METRICS.RETIRING</event>
		<formula>100*(( d / ( (d + c + f + e) ) ) - ( ( 5 ) * a / (b) ))</formula>
	</metric>
	
	<metric name="metric_TMA....MITE(%)">
		<event alias="a">CPU_CLK_UNHALTED.DISTRIBUTED</event>
		<event alias="b">IDQ.MITE_CYCLES_ANY</event>
		<event alias="c">IDQ.MITE_CYCLES_OK</event>
		<formula>100*( b - c ) / ( a )</formula>
	</metric>

	<metric name="metric_TMA....DSB(%)">
		<event alias="a">CPU_CLK_UNHALTED.DISTRIBUTED</event>
		<event alias="b">IDQ.DSB_CYCLES_ANY</event>
		<event alias="c">IDQ.DSB_CYCLES_OK</event>
		<formula>100*( b - c ) / ( a )</formula>
	</metric>

	<metric name="metric_TMA....LSD(%)">
		<event alias="a">CPU_CLK_UNHALTED.DISTRIBUTED</event>
		<event alias="b">LSD.CYCLES_ACTIVE</event>
		<event alias="c">LSD.CYCLES_OK</event>
		<formula>100*( b - c ) / ( a )</formula>
	</metric>

	<metric name="metric_TMA_Bad_Speculation(%)">
		<event alias="a">PERF_METRICS.BAD_SPECULATION</event>
		<event alias="b">PERF_METRICS.FRONTEND_BOUND</event>
		<event alias="c">PERF_METRICS.BACKEND_BOUND</event>
		<event alias="d">PERF_METRICS.RETIRING</event>
		<formula>100*a / ( (b + a + d + c)  )</formula>
	</metric>

	<metric name="metric_TMA..Branch_Mispredicts(%)">
		<event alias="a">TOPDOWN.ISSUE_SLOTS:perf_metrics</event>
		<event alias="b">TOPDOWN.BR_MISPREDICT_SLOTS</event>
		<formula>100*b / a</formula>
	</metric>

	<metric name="metric_TMA..Machine_Clears(%)">
		<event alias="a">TOPDOWN.ISSUE_SLOTS:perf_metrics</event>
		<event alias="b">PERF_METRICS.BAD_SPECULATION</event>
		<event alias="c">PERF_METRICS.FRONTEND_BOUND</event>
		<event alias="d">TOPDOWN.BR_MISPREDICT_SLOTS</event>
		<event alias="e">PERF_METRICS.BACKEND_BOUND</event>
		<event alias="f">PERF_METRICS.RETIRING</event>
		<formula>100*(( b / ( (c + b + f + e) ) ) - ( d / a ))</formula>
	</metric>

	<metric name="metric_TMA....Memory_Disambiguation(%)">
		<event alias="a">MACHINE_CLEARS.MEMORY_ORDERING</event>
		<event alias="b">TOPDOWN.ISSUE_SLOTS:perf_metrics</event>
		<event alias="c">PERF_METRICS.BAD_SPECULATION</event>
		<event alias="d">PERF_METRICS.FRONTEND_BOUND</event>
		<event alias="e">TOPDOWN.BR_MISPREDICT_SLOTS</event>
		<event alias="f">PERF_METRICS.BACKEND_BOUND</event>
		<event alias="g">PERF_METRICS.RETIRING</event>
		<event alias="h">MACHINE_CLEARS.COUNT</event>
		<event alias="i">MEMORY_DISAMBIGUATION.MRN_NUKES</event>
		<formula>100*( ( c / ( (d + c + g + f) ) ) - ( e / b ) ) * ( a - i ) / h</formula>
	</metric>

	<metric name="metric_TMA....Memory_Renaming(%)">
		<event alias="a">TOPDOWN.ISSUE_SLOTS:perf_metrics</event>
		<event alias="b">MEMORY_DISAMBIGUATION.MRN_NUKES</event>
		<event alias="c">PERF_METRICS.BAD_SPECULATION</event>
		<event alias="d">PERF_METRICS.FRONTEND_BOUND</event>
		<event alias="e">TOPDOWN.BR_MISPREDICT_SLOTS</event>
		<event alias="f">PERF_METRICS.BACKEND_BOUND</event>
		<event alias="g">PERF_METRICS.RETIRING</event>
		<event alias="h">MACHINE_CLEARS.COUNT</event>
		<formula>100*( ( c / ( (d + c + g + f) ) ) - ( e / a ) ) * b / h</formula>
	</metric>

	<metric name="metric_TMA....Other_Nukes(%)">
		<event alias="a">MEMORY_DISAMBIGUATION.HISTORY_RESET</event>
		<event alias="b">TOPDOWN.ISSUE_SLOTS:perf_metrics</event>
		<event alias="c">MEMORY_DISAMBIGUATION.MRN_NUKES</event>
		<event alias="d">PERF_METRICS.BAD_SPECULATION</event>
		<event alias="e">PERF_METRICS.FRONTEND_BOUND</event>
		<event alias="f">TOPDOWN.BR_MISPREDICT_SLOTS</event>
		<event alias="g">PERF_METRICS.BACKEND_BOUND</event>
		<event alias="h">PERF_METRICS.RETIRING</event>
		<event alias="i">MACHINE_CLEARS.COUNT</event>
		<formula>100*(( ( d / ( (e + d + h + g) ) ) - ( f / b ) ) - ( ( ( d / ( (e + d + h + g) ) ) - ( f / b ) ) * a / i ) - ( ( ( d / ( (e + d + h + g) ) ) - ( f / b ) ) * c / i ))</formula>
	</metric>

	<metric name="metric_TMA_Backend_Bound(%)">
		<event alias="a">PERF_METRICS.BAD_SPECULATION</event>
		<event alias="b">PERF_METRICS.FRONTEND_BOUND</event>
		<event alias="c">PERF_METRICS.BACKEND_BOUND</event>
		<event alias="d">PERF_METRICS.RETIRING</event>
		<formula>100*c / ( (b + a + d + c) )</formula>
	</metric>

	<metric name="metric_TMA..Memory_Bound(%)">
		<event alias="a">EXE_ACTIVITY.EXE_BOUND_0_PORTS</event>
		<event alias="b">CYCLE_ACTIVITY.STALLS_MEM_ANY</event>
		<event alias="c">EXE_ACTIVITY.BOUND_ON_STORES</event>
		<event alias="d">PERF_METRICS.BAD_SPECULATION</event>
		<event alias="e">PERF_METRICS.FRONTEND_BOUND</event>
		<event alias="f">PERF_METRICS.BACKEND_BOUND</event>
		<event alias="g">EXE_ACTIVITY.1_PORTS_UTIL</event>
		<event alias="h">EXE_ACTIVITY.2_PORTS_UTIL</event>
		<event alias="i">CPU_CLK_UNHALTED.THREAD</event>
		<event alias="j">PERF_METRICS.RETIRING</event>
		<event alias="k">INST_RETIRED.ANY</event>
		<formula>100* ( b + c ) / ( ( a + g + ( ( ( k / ( i ) ) &gt; 1.8 ? h : 0 ) ) + ( b + c )  ) ) * ( f / ( (e + d + j + f) ) )</formula>
	</metric>

	<metric name="metric_TMA....L1_Bound(%)">
		<event alias="a">CYCLE_ACTIVITY.STALLS_L1D_MISS</event>
		<event alias="b">CYCLE_ACTIVITY.STALLS_MEM_ANY</event>
		<event alias="c">CPU_CLK_UNHALTED.THREAD</event>
		<formula>100*( b - a ) / ( c )</formula>
	</metric>


	<metric name="metric_TMA......DTLB_Load(%)">
		<event alias="a">DTLB_LOAD_MISSES.WALK_ACTIVE</event>
		<event alias="b">DTLB_LOAD_MISSES.STLB_HIT</event>
		<event alias="c">CPU_CLK_UNHALTED.THREAD</event>
		<formula>100*( ( 9 ) * b + a ) / ( c )</formula>
	</metric>
	<metric name="metric_TMA......Store_Fwd_Blk(%)">
		<event alias="a">CPU_CLK_UNHALTED.THREAD</event>
		<event alias="b">LD_BLOCKS.STORE_FORWARD</event>
		<formula>100*13 * b / ( a )</formula>
	</metric>

	<metric name="metric_TMA......Lock_Latency(%)">
		<event alias="a">OFFCORE_REQUESTS_OUTSTANDING.CYCLES_WITH_DEMAND_RFO</event>
		<event alias="b">MEM_INST_RETIRED.ALL_STORES</event>
		<event alias="c">MEM_INST_RETIRED.LOCK_LOADS</event>
		<event alias="d">CPU_CLK_UNHALTED.THREAD</event>
		<formula>100*( c / b ) * ([ 1*d , 1*a ].min) / ( d )</formula>
	</metric>

	<metric name="metric_TMA......Split_Loads(%)">
		<event alias="a">MEM_LOAD_RETIRED.L1_MISS</event>
		<event alias="b">MEM_LOAD_RETIRED.FB_HIT</event>
		<event alias="c">CPU_CLK_UNHALTED.THREAD</event>
		<event alias="d">L1D_PEND_MISS.PENDING</event>
		<event alias="e">LD_BLOCKS.NO_SR</event>
		<formula>100*( d / ( a + b ) ) * e / ( c )</formula>
	</metric>

	<metric name="metric_TMA......4K_Aliasing(%)">
		<event alias="a">LD_BLOCKS_PARTIAL.ADDRESS_ALIAS</event>
		<event alias="b">CPU_CLK_UNHALTED.THREAD</event>
		<formula>100*a / ( b )</formula>
	</metric>

	<metric name="metric_TMA......FB_Full(%)">
		<event alias="a">CPU_CLK_UNHALTED.THREAD</event>
		<event alias="b">L1D_PEND_MISS.FB_FULL</event>
		<formula>100*b / ( a )</formula>
	</metric>

	<metric name="metric_TMA....L2_Bound(%)">
		<event alias="a">MEM_LOAD_L3_HIT_RETIRED.XSNP_HITM</event>
		<event alias="b">MEM_LOAD_L3_HIT_RETIRED.XSNP_MISS</event>
		<event alias="c">MEM_LOAD_L3_HIT_RETIRED.XSNP_HIT</event>
		<event alias="d">CYCLE_ACTIVITY.STALLS_L1D_MISS</event>
		<event alias="e">CYCLE_ACTIVITY.STALLS_L2_MISS</event>
		<event alias="f">L1D_PEND_MISS.FB_FULL_PERIODS</event>
		<event alias="g">MEM_LOAD_RETIRED.L1_MISS</event>
		<event alias="h">MEM_LOAD_RETIRED.L3_MISS</event>
		<event alias="i">MEM_LOAD_RETIRED.FB_HIT</event>
		<event alias="j">MEM_LOAD_RETIRED.L2_HIT</event>
		<event alias="k">MEM_LOAD_RETIRED.L3_HIT</event>
		<event alias="l">CPU_CLK_UNHALTED.THREAD</event>
		<event alias="m">L1D_PEND_MISS.PENDING</event>
		<formula>100*(((( m / ( g + i ) ) * f ) &lt; 1.5 ? 1 : ( j * ( 1 + i / ( ( j + k + c + a + b ) + h ) ) ) / ( ( j * ( 1 + i / ( ( j + k + c + a + b ) + h ) ) ) + f )) * ( ( d - e ) / ( l ) ))</formula>
	</metric>

	<metric name="metric_TMA....L3_Bound(%)">
		<event alias="a">CYCLE_ACTIVITY.STALLS_L2_MISS</event>
		<event alias="b">CYCLE_ACTIVITY.STALLS_L3_MISS</event>
		<event alias="c">CPU_CLK_UNHALTED.THREAD</event>
		<formula>100*( a - b ) / ( c )</formula>
	</metric>

	<metric name="metric_TMA......Contested_Accesses(%)">
		<event alias="a">MEM_LOAD_L3_HIT_RETIRED.XSNP_HITM</event>
		<event alias="b">MEM_LOAD_L3_HIT_RETIRED.XSNP_MISS</event>
		<event alias="c">MEM_LOAD_L3_HIT_RETIRED.XSNP_HIT</event>
		<event alias="d">MEM_LOAD_RETIRED.L3_MISS</event>
		<event alias="e">MEM_LOAD_RETIRED.FB_HIT</event>
		<event alias="f">MEM_LOAD_RETIRED.L2_HIT</event>
		<event alias="g">MEM_LOAD_RETIRED.L3_HIT</event>
		<event alias="h">CPU_CLK_UNHALTED.THREAD</event>
		<formula>100*( 60 ) * ( ( a * ( 1 + e / ( ( f + g + c + a + b ) + d ) ) ) + ( b * ( 1 + e / ( ( f + g + c + a + b ) + d ) ) ) ) / ( h )</formula>
	</metric>


	<metric name="metric_TMA......Data_Sharing(%)">
		<event alias="a">MEM_LOAD_L3_HIT_RETIRED.XSNP_HITM</event>
		<event alias="b">MEM_LOAD_L3_HIT_RETIRED.XSNP_MISS</event>
		<event alias="c">MEM_LOAD_L3_HIT_RETIRED.XSNP_HIT</event>
		<event alias="d">MEM_LOAD_RETIRED.L3_MISS</event>
		<event alias="e">MEM_LOAD_RETIRED.FB_HIT</event>
		<event alias="f">MEM_LOAD_RETIRED.L2_HIT</event>
		<event alias="g">MEM_LOAD_RETIRED.L3_HIT</event>
		<event alias="h">CPU_CLK_UNHALTED.THREAD</event>
		<formula>100*( 43 ) * ( c * ( 1 + e / ( ( f + g + c + a + b ) + d ) ) ) / ( h )</formula>
	</metric>

	<metric name="metric_TMA......L3_Hit_Latency(%)">
		<event alias="a">MEM_LOAD_L3_HIT_RETIRED.XSNP_HITM</event>
		<event alias="b">MEM_LOAD_L3_HIT_RETIRED.XSNP_MISS</event>
		<event alias="c">MEM_LOAD_L3_HIT_RETIRED.XSNP_HIT</event>
		<event alias="d">MEM_LOAD_RETIRED.L3_MISS</event>
		<event alias="e">MEM_LOAD_RETIRED.FB_HIT</event>
		<event alias="f">MEM_LOAD_RETIRED.L2_HIT</event>
		<event alias="g">MEM_LOAD_RETIRED.L3_HIT</event>
		<event alias="h">CPU_CLK_UNHALTED.THREAD</event>
		<formula>100*( 29 ) * ( g * ( 1 + e / ( ( f + g + c + a + b ) + d ) ) ) / ( h )</formula>
	</metric>

	<metric name="metric_TMA......SQ_Full(%)">
		<event alias="a">CPU_CLK_UNHALTED.THREAD</event>
		<event alias="b">L1D_PEND_MISS.L2_STALL</event>
		<formula>100*b / ( a )</formula>
	</metric>

	<metric name="metric_TMA....DRAM_Bound(%)">
		<event alias="a">MEM_LOAD_L3_HIT_RETIRED.XSNP_HITM</event>
		<event alias="b">MEM_LOAD_L3_HIT_RETIRED.XSNP_MISS</event>
		<event alias="c">MEM_LOAD_L3_HIT_RETIRED.XSNP_HIT</event>
		<event alias="d">CYCLE_ACTIVITY.STALLS_L1D_MISS</event>
		<event alias="e">CYCLE_ACTIVITY.STALLS_L2_MISS</event>
		<event alias="f">CYCLE_ACTIVITY.STALLS_L3_MISS</event>
		<event alias="g">L1D_PEND_MISS.FB_FULL_PERIODS</event>
		<event alias="h">MEM_LOAD_RETIRED.L1_MISS</event>
		<event alias="i">MEM_LOAD_RETIRED.L3_MISS</event>
		<event alias="j">MEM_LOAD_RETIRED.FB_HIT</event>
		<event alias="k">MEM_LOAD_RETIRED.L2_HIT</event>
		<event alias="l">MEM_LOAD_RETIRED.L3_HIT</event>
		<event alias="m">CPU_CLK_UNHALTED.THREAD</event>
		<event alias="n">L1D_PEND_MISS.PENDING</event>
		<formula>100*( f / ( m ) + ( ( d - e ) / ( m ) ) - ( ((( n / ( h + j ) ) * g ) &lt; 1.5 ? 1 : ( k * ( 1 + j / ( ( k + l + c + a + b ) + i ) ) ) / ( ( k * ( 1 + j / ( ( k + l + c + a + b ) + i ) ) ) + g )) * ( ( d - e ) / ( m ) ) ) )</formula>
	</metric>

	<metric name="metric_TMA......MEM_Bandwidth(%)">
		<event alias="a">OFFCORE_REQUESTS_OUTSTANDING.ALL_DATA_RD:c4</event>
		<event alias="b">CPU_CLK_UNHALTED.THREAD</event>
		<formula>100*( [ 1*b , 1*a ].min ) / ( b )</formula>
	</metric>

	<metric name="metric_TMA......MEM_Latency(%)">
		<event alias="a">OFFCORE_REQUESTS_OUTSTANDING.CYCLES_WITH_DATA_RD</event>
		<event alias="b">OFFCORE_REQUESTS_OUTSTANDING.ALL_DATA_RD:c4</event>
		<event alias="c">CPU_CLK_UNHALTED.THREAD</event>
		<formula>100*(( [1*c , 1*a ].min ) / ( c ) - ( ( [ 1*c , 1*b ].min ) / ( c ) ))</formula>
	</metric>

	<metric name="metric_TMA........Local_DRAM(%)">
		<event alias="a">#NA</event>
		<formula>100*a</formula>
	</metric>

	<metric name="metric_TMA........Remote_DRAM(%)">
		<event alias="a">#NA</event>
		<formula>100*a</formula>
	</metric>

	<metric name="metric_TMA........Remote_Cache(%)">
		<event alias="a">#NA</event>
		<formula>100*a</formula>
	</metric>

	<metric name="metric_TMA....IXP_Bound(%)">
		<event alias="a">#NA</event>
		<formula>100*a</formula>
	</metric>

	<metric name="metric_TMA....Store_Bound(%)">
		<event alias="a">EXE_ACTIVITY.BOUND_ON_STORES</event>
		<event alias="b">CPU_CLK_UNHALTED.THREAD</event>
		<formula>100*a / ( b )</formula>
	</metric>

	<metric name="metric_TMA......Store_Latency(%)">
		<event alias="a">OFFCORE_REQUESTS_OUTSTANDING.CYCLES_WITH_DEMAND_RFO</event>
		<event alias="b">MEM_INST_RETIRED.ALL_STORES</event>
		<event alias="c">MEM_INST_RETIRED.LOCK_LOADS</event>
		<event alias="d">CPU_CLK_UNHALTED.THREAD</event>
		<event alias="e">L2_RQSTS.RFO_HIT</event>
		<formula>100*(( e * ( 10 ) *(1 - ( c / b )) ) + (1 - ( c / b )) * ( [ 1*d , 1*a ].min )) / ( d )</formula>
	</metric>

	<metric name="metric_TMA......False_Sharing(%)">
		<event alias="a">OFFCORE_RESPONSE:request=ALL_RFO:response=L3_HIT.SNOOP_HITM</event>
		<event alias="b">CPU_CLK_UNHALTED.THREAD</event>
		<formula>100*( 60 ) * a / ( b )</formula>
	</metric>

	<metric name="metric_TMA......Split_Stores(%)">
		<event alias="a">MEM_INST_RETIRED.SPLIT_STORES</event>
		<event alias="b">CPU_CLK_UNHALTED.DISTRIBUTED</event>
		<formula>100*a / ( b )</formula>
	</metric>

	<metric name="metric_TMA......DTLB_Store(%)">
		<event alias="a">DTLB_STORE_MISSES.WALK_ACTIVE</event>
		<event alias="b">DTLB_STORE_MISSES.STLB_HIT</event>
		<event alias="c">CPU_CLK_UNHALTED.DISTRIBUTED</event>
		<formula>100*( ( 9 ) * b + a ) / ( c )</formula>
	</metric>

	<metric name="metric_TMA..Core_Bound(%)">
		<event alias="a">EXE_ACTIVITY.EXE_BOUND_0_PORTS</event>
		<event alias="b">CYCLE_ACTIVITY.STALLS_MEM_ANY</event>
		<event alias="c">EXE_ACTIVITY.BOUND_ON_STORES</event>
		<event alias="d">PERF_METRICS.BAD_SPECULATION</event>
		<event alias="e">PERF_METRICS.FRONTEND_BOUND</event>
		<event alias="f">PERF_METRICS.BACKEND_BOUND</event>
		<event alias="g">EXE_ACTIVITY.1_PORTS_UTIL</event>
		<event alias="h">EXE_ACTIVITY.2_PORTS_UTIL</event>
		<event alias="i">CPU_CLK_UNHALTED.THREAD</event>
		<event alias="j">PERF_METRICS.RETIRING</event>
		<event alias="k">INST_RETIRED.ANY</event>
		<formula>100*(( f / ( (e + d + j + f) ) ) -  ( ( b + c ) / ( ( a + g + (( ( k / ( i ) ) &gt; 1.8 ? h : 0 ) ) + ( b + c )  ) ) * ( f / ( (e + d + j + f) ) ) ))</formula>
	</metric>

	<metric name="metric_TMA....Divider(%)">
		<event alias="a">CPU_CLK_UNHALTED.THREAD</event>
		<event alias="b">ARITH.DIVIDER_ACTIVE</event>
		<formula>100*b / ( a )</formula>
	</metric>

	<metric name="metric_TMA....Ports_Utilization(%)">
		<event alias="a">EXE_ACTIVITY.EXE_BOUND_0_PORTS</event>
		<event alias="b">CYCLE_ACTIVITY.STALLS_MEM_ANY</event>
		<event alias="c">EXE_ACTIVITY.BOUND_ON_STORES</event>
		<event alias="d">EXE_ACTIVITY.1_PORTS_UTIL</event>
		<event alias="e">EXE_ACTIVITY.2_PORTS_UTIL</event>
		<event alias="f">CPU_CLK_UNHALTED.THREAD</event>
		<event alias="g">ARITH.DIVIDER_ACTIVE</event>
		<event alias="h">INST_RETIRED.ANY</event>
		<formula>100*((((a+d+(((h/(f))&gt;1.8)?e:0))+(b+c))-b-c)/(((g - a) &lt; 0)?(f):(((a+d+(((h/(f))&gt;1.8)?e:0))+(b+c))-b-c-a)/(f)))</formula>
	</metric>

	<metric name="metric_TMA......0_Ports_Utilization(%)">
		<event alias="a">UOPS_EXECUTED.CORE_CYCLES_NONE</event>
		<event alias="b">CPU_CLK_UNHALTED.DISTRIBUTED</event>
		<event alias="c">EXE_ACTIVITY.EXE_BOUND_0_PORTS</event>
		<constant alias="threads">system.sockets[0][0].size</constant>      
		<formula>100*((((threads)&gt;1)?(a/2):c)/(b))</formula>		
	</metric>

	<metric name="metric_TMA........Serializing_Operation(%)">
		<event alias="a">RESOURCE_STALLS.SCOREBOARD</event>
		<event alias="b">CPU_CLK_UNHALTED.THREAD</event>
		<formula>100*a/b</formula>
	</metric>

	<metric name="metric_TMA..........Slow_Pause(%)">
		<event alias="a">ROB_MISC_EVENTS.PAUSE_INST</event>
		<event alias="b">CPU_CLK_UNHALTED.THREAD</event>
		<formula>100*140* a / ( b )</formula>
	</metric>

	<metric name="metric_TMA......1_Port_Utilized(%)">
		<event alias="a">UOPS_EXECUTED.CORE_CYCLES_GE_1</event>
		<event alias="b">CPU_CLK_UNHALTED.DISTRIBUTED</event>
		<event alias="c">UOPS_EXECUTED.CORE_CYCLES_GE_2</event>
		<event alias="d">EXE_ACTIVITY.1_PORTS_UTIL</event>
		<constant alias="threads">system.sockets[0][0].size</constant>      
		<formula>100*((((threads)&gt;1)?((a-c)/2):d)/(b))</formula>			
	</metric>

	<metric name="metric_TMA......2_Ports_Utilized(%)">
		<event alias="a">UOPS_EXECUTED.CORE_CYCLES_GE_2</event>
		<event alias="b">CPU_CLK_UNHALTED.DISTRIBUTED</event>
		<event alias="c">UOPS_EXECUTED.CORE_CYCLES_GE_3</event>
		<event alias="d">EXE_ACTIVITY.2_PORTS_UTIL</event>
		<constant alias="threads">system.sockets[0][0].size</constant>      
		<formula>100*((((threads)&gt;1)?((a-c)/2):d)/(b))</formula>			
	</metric>	

	<metric name="metric_TMA......3m_Ports_Utilized(%)">
		<event alias="a">UOPS_EXECUTED.CORE_CYCLES_GE_3</event>
		<event alias="b">CPU_CLK_UNHALTED.DISTRIBUTED</event>
		<constant alias="threads">system.sockets[0][0].size</constant>      
		<formula>100*(a/threads)/(b)</formula>			
	</metric>
	
	<metric name="metric_TMA........ALU_Op_Utilization(%)">
		<event alias="a">UOPS_DISPATCHED_PORT.PORT_0</event>
		<event alias="b">UOPS_DISPATCHED_PORT.PORT_1</event>
		<event alias="c">UOPS_DISPATCHED_PORT.PORT_5</event>
		<event alias="d">UOPS_DISPATCHED_PORT.PORT_6</event>
		<event alias="e">CPU_CLK_UNHALTED.DISTRIBUTED</event>      
		<formula>100*(a + b + c + d)/(5 * e)</formula>			
	</metric>

	<metric name="metric_TMA..........Port_0(%)">
		<event alias="a">UOPS_DISPATCHED_PORT.PORT_0</event>
		<event alias="b">CPU_CLK_UNHALTED.DISTRIBUTED</event>
		<formula>100*a / ( b )</formula>
	</metric>

	<metric name="metric_TMA..........Port_1(%)">
		<event alias="a">UOPS_DISPATCHED_PORT.PORT_1</event>
		<event alias="b">CPU_CLK_UNHALTED.DISTRIBUTED</event>
		<formula>100*a / ( b )</formula>
	</metric>

	<metric name="metric_TMA..........Port_5(%)">
		<event alias="a">UOPS_DISPATCHED_PORT.PORT_5</event>
		<event alias="b">CPU_CLK_UNHALTED.DISTRIBUTED</event>
		<formula>100*a / ( b )</formula>
	</metric>

	<metric name="metric_TMA..........Port_6(%)">
		<event alias="a">UOPS_DISPATCHED_PORT.PORT_6</event>
		<event alias="b">CPU_CLK_UNHALTED.DISTRIBUTED</event>
		<formula>100*a / ( b )</formula>
	</metric>

	<metric name="metric_TMA........Load_Op_Utilization(%)">
		<event alias="a">UOPS_DISPATCHED_PORT.PORT_2_3</event>
		<event alias="b">CPU_CLK_UNHALTED.DISTRIBUTED</event>
		<formula>100*a / ( 2 * b )</formula>
	</metric>

	<metric name="metric_TMA..........Port_2(%)">
		<event alias="a">#NA</event>
		<formula>100*a</formula>
	</metric>

	<metric name="metric_TMA..........Port_3(%)">
		<event alias="a">#NA</event>
		<formula>100*a</formula>
	</metric>

	<metric name="metric_TMA........Store_Op_Utilization(%)">
		<event alias="a">UOPS_DISPATCHED_PORT.PORT_2_3</event>
		<event alias="b">CPU_CLK_UNHALTED.DISTRIBUTED</event>
		<formula>100*a / ( 2 * b )</formula>
	</metric>

	<metric name="metric_TMA..........Port_4(%)">
		<event alias="a">#NA</event>
		<formula>100*a</formula>
	</metric>

	<metric name="metric_TMA..........Port_7(%)">
		<event alias="a">#NA</event>
		<formula>100*a</formula>
	</metric>
	
	<metric name="metric_TMA..........Port_Store_Address(%)">
		<event alias="a">UOPS_DISPATCHED_PORT.PORT_7_8</event>
		<event alias="b">CPU_CLK_UNHALTED.DISTRIBUTED</event>
		<formula>100*a / ( 2 * b )</formula>
	</metric>
	
	<metric name="metric_TMA..........Port_Store_Data(%)">
		<event alias="a">UOPS_DISPATCHED_PORT.PORT_4_9</event>
		<event alias="b">CPU_CLK_UNHALTED.DISTRIBUTED</event>
		<formula>100*a / ( 2 * b )</formula>
	</metric>
		
	<metric name="metric_TMA_Retiring(%)">
		<event alias="a">PERF_METRICS.BAD_SPECULATION</event>
		<event alias="b">PERF_METRICS.FRONTEND_BOUND</event>
		<event alias="c">PERF_METRICS.BACKEND_BOUND</event>
		<event alias="e">PERF_METRICS.RETIRING</event>
		<formula>100*e / ( (a + b + c + e) )</formula>
	</metric>

	<metric name="metric_TMA..Base(%)">
		<event alias="a">TOPDOWN.ISSUE_SLOTS:perf_metrics</event>
		<event alias="b">PERF_METRICS.BAD_SPECULATION</event>
		<event alias="c">PERF_METRICS.FRONTEND_BOUND</event>
		<event alias="d">PERF_METRICS.BACKEND_BOUND</event>
		<event alias="e">UOPS_RETIRED.RETIRE_SLOTS</event>
		<event alias="f">PERF_METRICS.RETIRING</event>
		<event alias="i">UOPS_ISSUED.ANY</event>
		<event alias="j">IDQ.MS_UOPS</event>
		<formula>100*(( f / ( (c + b + f + d) ) ) - ( ( e / i ) * j / a ))</formula>
	</metric>

	<metric name="metric_TMA....FP_Arith(%)">
		<event alias="a">FP_ARITH_INST_RETIRED.128B_PACKED_DOUBLE</event>
		<event alias="b">FP_ARITH_INST_RETIRED.128B_PACKED_SINGLE</event>
		<event alias="c">FP_ARITH_INST_RETIRED.256B_PACKED_DOUBLE</event>
		<event alias="d">FP_ARITH_INST_RETIRED.256B_PACKED_SINGLE</event>
		<event alias="e">FP_ARITH_INST_RETIRED.512B_PACKED_DOUBLE</event>
		<event alias="f">FP_ARITH_INST_RETIRED.512B_PACKED_SINGLE</event>
		<event alias="g">FP_ARITH_INST_RETIRED.SCALAR_DOUBLE</event>
		<event alias="h">FP_ARITH_INST_RETIRED.SCALAR_SINGLE</event>
		<event alias="i">UOPS_RETIRED.RETIRE_SLOTS</event>
		<event alias="j">UOPS_EXECUTED.THREAD</event>
		<event alias="k">UOPS_EXECUTED.X87</event>
		<formula>100*(( k / j ) + ( ( h + g ) / i ) + ( ( a + b + c + d + e + f) / i ))</formula>
	</metric>

	<metric name="metric_TMA......X87_Use(%)">
		<event alias="a">UOPS_EXECUTED.THREAD</event>
		<event alias="b">UOPS_EXECUTED.X87</event>
		<formula>100*b / a</formula>
	</metric>

	<metric name="metric_TMA......FP_Scalar(%)">
		<event alias="a">FP_ARITH_INST_RETIRED.SCALAR_DOUBLE</event>
		<event alias="b">FP_ARITH_INST_RETIRED.SCALAR_SINGLE</event>
		<event alias="c">UOPS_RETIRED.RETIRE_SLOTS</event>
		<formula>100*( b + a ) / c</formula>
	</metric>

	<metric name="metric_TMA......FP_Vector(%)">
		<event alias="a">FP_ARITH_INST_RETIRED.128B_PACKED_DOUBLE</event>
		<event alias="b">FP_ARITH_INST_RETIRED.128B_PACKED_SINGLE</event>
		<event alias="c">FP_ARITH_INST_RETIRED.256B_PACKED_DOUBLE</event>
		<event alias="d">FP_ARITH_INST_RETIRED.256B_PACKED_SINGLE</event>
		<event alias="e">FP_ARITH_INST_RETIRED.512B_PACKED_DOUBLE</event>
		<event alias="f">FP_ARITH_INST_RETIRED.512B_PACKED_SINGLE</event>
		<event alias="g">UOPS_RETIRED.RETIRE_SLOTS</event>
		<formula>100*( a + b + c + d + e + f) / g</formula>
	</metric>

	<metric name="metric_TMA....Other(%)">
		<event alias="a">FP_ARITH_INST_RETIRED.128B_PACKED_DOUBLE</event>
		<event alias="b">FP_ARITH_INST_RETIRED.128B_PACKED_SINGLE</event>
		<event alias="c">FP_ARITH_INST_RETIRED.256B_PACKED_DOUBLE</event>
		<event alias="d">FP_ARITH_INST_RETIRED.256B_PACKED_SINGLE</event>
		<event alias="e">FP_ARITH_INST_RETIRED.512B_PACKED_DOUBLE</event>
		<event alias="f">FP_ARITH_INST_RETIRED.512B_PACKED_SINGLE</event>
		<event alias="g">FP_ARITH_INST_RETIRED.SCALAR_DOUBLE</event>
		<event alias="h">FP_ARITH_INST_RETIRED.SCALAR_SINGLE</event>
		<event alias="i">UOPS_RETIRED.RETIRE_SLOTS</event>
		<event alias="j">UOPS_EXECUTED.THREAD</event>
		<event alias="k">UOPS_EXECUTED.X87</event>
		<formula>100*(1 - ( ( k / j ) + ( ( h + g ) / i ) + ( ( a + b + c + d + e + f) / i ) ))</formula>
	</metric>

	<metric name="metric_TMA..Microcode_Sequencer(%)">
		<event alias="a">TOPDOWN.ISSUE_SLOTS:perf_metrics</event>
		<event alias="b">UOPS_RETIRED.RETIRE_SLOTS</event>
		<event alias="d">UOPS_ISSUED.ANY</event>
		<event alias="e">IDQ.MS_UOPS</event>
		<formula>100*( b / d ) * e / a</formula>
	</metric>

	<metric name="metric_TMA....Assists(%)">
		<event alias="a">TOPDOWN.ISSUE_SLOTS:perf_metrics</event>
		<event alias="c">ASSISTS.ANY</event>
		<formula>100*( 100 ) * c / a</formula>
	</metric>
-->
	<metric name="metric_EDP SNR XML version">
 		<constant alias="version">3.93</constant>      
		<formula>version</formula>
   </metric>
	
</root>