<?xml version="1.0"?>
<root>
	<metric name="metric_CPU operating frequency (in GHz)">
        <!-- <event alias="a">CPU_CLK_UNHALTED.THREAD</event>
		MSR 0xC00000E7 is MPERF providing reference cycles  -->
		<event alias="a">MSR_EVENT:msr=0xC00000E8:type=FREERUN:scope=THREAD</event>
		<event alias="b">MSR_EVENT:msr=0xC00000E7:type=FREERUN:scope=THREAD</event>
		<constant alias="c">system.tsc_freq</constant>      
		<formula>(a/b*c)/1000000000</formula>
	</metric>

	<metric name="metric_CPU utilization %">
		<event alias="a">MSR_EVENT:msr=0xC00000E7:type=FREERUN:scope=THREAD</event>
		<event alias="b">TSC</event>
		<formula>100*a/b</formula>
	</metric>

	<metric name="metric_CPU utilization% in kernel mode">
		<event alias="a">CPU_CLK_UNHALTED.REF_TSC:SUP</event>
		<event alias="b">TSC</event>
		<formula>100*a/b</formula>
	</metric>
	
	<metric name="metric_CPI">
        <throughput-metric-name>metric_cycles per txn</throughput-metric-name>
        <event alias="a">MSR_EVENT:msr=0xC00000E8:type=FREERUN:scope=THREAD</event>
        <event alias="b">INST_RETIRED.ANY</event>
        <formula>a/b</formula>
    </metric>
	
	<metric name="metric_kernel_CPI">
        <event alias="a">CPU_CLK_UNHALTED.THREAD:SUP</event>
        <event alias="b">INST_RETIRED.ANY:SUP</event>
        <formula>a/b</formula>
    </metric>
	
	<metric name="metric_branch mispredict ratio">
        <event alias="a">Branches.Mispred</event>
        <event alias="b">Branches.Retired</event>
        <formula>a/b</formula>
    </metric>

	<metric name="metric_Uops retired per instr">
        <throughput-metric-name>metric_Uops retired per txn</throughput-metric-name>
		<event alias="a">Uops.Retired</event>
		<event alias="b">INST_RETIRED.ANY</event>
		<formula>a/b</formula>
	</metric>

	<metric name="metric_loads per instr">
        <throughput-metric-name>metric_loads per txn</throughput-metric-name>
		<event alias="a">LsDispatch.Loads</event>
		<event alias="b">INST_RETIRED.ANY</event>
		<formula>a/b</formula>
	</metric>

	<metric name="metric_locks executed per instr">
        <throughput-metric-name>metric_locks executed per txn</throughput-metric-name>
		<event alias="a">LsDispatch.Locks</event>
		<event alias="b">INST_RETIRED.ANY</event>
		<formula>a/b</formula>
	</metric>

	<metric name="metric_stores per instr">
        <throughput-metric-name>metric_stores per txn</throughput-metric-name>
		<event alias="a">LsDispatch.Stores</event>
		<event alias="b">INST_RETIRED.ANY</event>
		<formula>a/b</formula>
	</metric>
	
	<metric name="metric_Store to load forwards per instr">
        <throughput-metric-name>metric_Store to load forwards per txn</throughput-metric-name>
		<event alias="a">Store2LoadForwards</event>
		<event alias="b">INST_RETIRED.ANY</event>
		<formula>a/b</formula>
	</metric>
	
	<metric name="metric_misaligned loads per instr">
        <throughput-metric-name>metric_misaligned loads per txn</throughput-metric-name>
		<event alias="a">MisalignedLoads</event>
		<event alias="b">INST_RETIRED.ANY</event>
		<formula>a/b</formula>
	</metric>
	
   <metric name="metric_L1-I code read misses (w/ prefetches) per instr">
        <throughput-metric-name>metric_L1I code read misses (includes prefetches) per txn</throughput-metric-name>
		<event alias="a">IcCacheFillL2</event>
		<event alias="b">IcCacheFillSystem</event>
		<event alias="c">INST_RETIRED.ANY</event>
		<formula>(a+b)/c</formula>
   </metric>
<!--		
   <metric name="metric_L1-I MPI (based on L2Req events)">
        <throughput-metric-name>metric_L1-I misses (based on L2Req events) per txn</throughput-metric-name>
		<event alias="a">L2ReqG1.IcRead</event>
		<event alias="c">INST_RETIRED.ANY</event>
		<formula>a/c</formula>
   </metric>
-->		
	<metric name="metric_L1-I misses filled by L2 per instr">
        <throughput-metric-name>metric_L1-I misses filled by L2 per txn</throughput-metric-name>
		<event alias="a">IcCacheFillL2</event>
		<event alias="b">INST_RETIRED.ANY</event>
		<formula>a/b</formula>
   </metric>
    
    <metric name="metric_L1-I misses filled by L3/memory per instr">
        <throughput-metric-name>metric_L1-I misses filled by L3/memory per txn</throughput-metric-name>
		<event alias="a">IcCacheFillSystem</event>
		<event alias="b">INST_RETIRED.ANY</event>
		<formula>a/b</formula>
   </metric>

   <metric name="metric_L1-I Requests that miss L2 per instr">
        <throughput-metric-name>metric_L1-I requests that miss L2 per txn</throughput-metric-name>
		<event alias="a">L2ReqStatus.CodeMiss</event>
		<event alias="b">INST_RETIRED.ANY</event>
		<formula>a/b</formula>
   </metric>
   
   <metric name="metric_L1-I Requests that hit shared in L2 per instr">
        <throughput-metric-name>metric_L1-I Requests that hit shared in L2 per txn</throughput-metric-name>
		<event alias="a">L2ReqStatus.CodeHitS</event>
		<event alias="b">INST_RETIRED.ANY</event>
		<formula>a/b</formula>
   </metric>
    
   <metric name="metric_L1D MPI (includes data+rfo w/ prefetches)">
        <throughput-metric-name>metric_L1D misses per txn (includes data+rfo w/ prefetches)</throughput-metric-name>
		<event alias="a">L2ReqG1.RdBlkL</event>
		<event alias="b">INST_RETIRED.ANY</event>
		<formula>a/b</formula>
   </metric>
	
   <metric name="metric_L1D Requests that miss L2 per instr">
        <throughput-metric-name>metric_L1D Requests that miss L2 per txn</throughput-metric-name>
		<event alias="a">L2ReqStatus.RdMiss</event>
		<event alias="b">INST_RETIRED.ANY</event>
		<formula>a/b</formula>
   </metric>
   
   <metric name="metric_L1D Requests that hit non-shared in L2 per instr">
        <throughput-metric-name>metric_L1D Requests that hit non-shared in L2 per txn</throughput-metric-name>
		<event alias="a">L2ReqStatus.HitX</event>
		<event alias="b">INST_RETIRED.ANY</event>
		<formula>a/b</formula>
   </metric>
   
   <metric name="metric_L1D Requests that hit shared line in L2 per instr">
        <throughput-metric-name>metric_L1D Requests that hit shared line in L2 per txn</throughput-metric-name>
		<event alias="a">L2ReqStatus.HitShared</event>
		<event alias="b">INST_RETIRED.ANY</event>
		<formula>a/b</formula>
   </metric>
   
   <metric name="metric_L2 Demand Read (dataRd+rfo) MPI ">
        <throughput-metric-name>metric_L2 Demand Read (dataRd+rfo) per txn</throughput-metric-name>
		<event alias="a">L2ReqStatus.RdMiss</event>
		<event alias="b">INST_RETIRED.ANY</event>
		<formula>a/b</formula>
   </metric>
   
   <metric name="metric_L2 HW Prefetches per instr">
        <throughput-metric-name>metric_L2 HW Prefetches per txn</throughput-metric-name>
		<event alias="a">L2ReqG1.L2HwPf</event>
		<event alias="b">INST_RETIRED.ANY</event>
		<formula>a/b</formula>
   </metric>
   
   <metric name="metric_L1 ITLB misses that hit STLB per instr">
        <throughput-metric-name>metric_L1 ITLB misses that hit STLB per txn</throughput-metric-name>
		<event alias="a">BpL1ITLBMissL2ITLBHit</event>
		<event alias="b">INST_RETIRED.ANY</event>
		<formula>a/b</formula>
   </metric>
   
   <metric name="metric_ITLB MPI">
        <throughput-metric-name>metric_ITLB misses per txn</throughput-metric-name>
		<event alias="a">BpL1ITLBMissL2ITLBMiss</event>
		<event alias="b">INST_RETIRED.ANY</event>
		<formula>a/b</formula>
   </metric>
   
   <metric name="metric_L1 DTLB 4K page misses hitting STLB per instr">
        <throughput-metric-name>metric_L1 DTLB 4K page misses hitting STLB per txn</throughput-metric-name>
		<event alias="a">L2DtlbHit.4K</event>
		<event alias="b">INST_RETIRED.ANY</event>
		<formula>a/b</formula>
   </metric>
   
   <metric name="metric_L1 DTLB 2M page misses hitting STLB per instr">
        <throughput-metric-name>metric_L1 DTLB 2M page misses hitting STLB per txn</throughput-metric-name>
		<event alias="a">L2DtlbHit.2M</event>
		<event alias="b">INST_RETIRED.ANY</event>
		<formula>a/b</formula>
   </metric>
   
   <metric name="metric_L1 DTLB 1G page misses hitting STLB per instr">
        <throughput-metric-name>metric_L1 DTLB 1G page misses hitting STLB per txn</throughput-metric-name>
		<event alias="a">L2DtlbHit.1G</event>
		<event alias="b">INST_RETIRED.ANY</event>
		<formula>a/b</formula>
   </metric>
   
   <metric name="metric_L2 DTLB 4K page misses per instr">
        <throughput-metric-name>metric_L2 DTLB 4K page misses per txn</throughput-metric-name>
		<event alias="a">L2DtlbMiss.4K</event>
		<event alias="b">INST_RETIRED.ANY</event>
		<formula>a/b</formula>
   </metric>
   
   <metric name="metric_L2 DTLB 2M page misses per instr">
        <throughput-metric-name>metric_L2 DTLB 2M page misses per txn</throughput-metric-name>
		<event alias="a">L2DtlbMiss.2M</event>
		<event alias="b">INST_RETIRED.ANY</event>
		<formula>a/b</formula>
   </metric>
    
   <metric name="metric_L2 DTLB 1G page misses per instr">
        <throughput-metric-name>metric_L2 DTLB 1G page misses per txn</throughput-metric-name>
		<event alias="a">L2DtlbMiss.1G</event>
		<event alias="b">INST_RETIRED.ANY</event>
		<formula>a/b</formula>
   </metric>
    
   <metric name="metric_L1D demand requests that hit in local L2 per instr">
        <throughput-metric-name>metric_L1D demand requests that hit in local L2 per txn</throughput-metric-name>
		<event alias="a">DcFillSys.LocalL2Hit</event>
		<event alias="b">INST_RETIRED.ANY</event>
		<formula>a/b</formula>
   </metric>
    
   <metric name="metric_L1D demand requests that hit in local CCX per instr">
        <throughput-metric-name>metric_L1D demand requests that hit in local CCX per txn</throughput-metric-name>
		<event alias="a">DcFillSys.LocalCache</event>
		<event alias="b">INST_RETIRED.ANY</event>
		<formula>a/b</formula>
   </metric>
    
   <metric name="metric_L1D demand requests that hit in local DRAM per instr">
        <throughput-metric-name>metric_L1D demand requests that hit in local DRAM per txn</throughput-metric-name>
		<event alias="a">DcFillSys.LocalDram</event>
		<event alias="b">INST_RETIRED.ANY</event>
		<formula>a/b</formula>
   </metric>
    
   <metric name="metric_L1D demand requests that hit in remote CCX per instr">
        <throughput-metric-name>metric_L1D demand requests that hit in remote CCX per txn</throughput-metric-name>
		<event alias="a">DcFillSys.RemoteCache</event>
		<event alias="b">INST_RETIRED.ANY</event>
		<formula>a/b</formula>
   </metric>
    
   <metric name="metric_L1D demand requests that hit in remote DRAM per instr">
        <throughput-metric-name>metric_L1D demand requests that hit in remote DRAM per txn</throughput-metric-name>
		<event alias="a">DcFillSys.RemoteDram</event>
		<event alias="b">INST_RETIRED.ANY</event>
		<formula>a/b</formula>
   </metric>

   <metric name="metric_L1D HwPf requests per instr">
        <throughput-metric-name>metric_L1D HwPf requests per txn</throughput-metric-name>
		<event alias="a">L1dMiss.FillBufAlloc.HwPf</event>
		<event alias="b">INST_RETIRED.ANY</event>
		<formula>a/b</formula>
   </metric>
   
   <metric name="metric_L1D HwPf requests that hit in local L2 per instr">
        <throughput-metric-name>metric_L1D HwPf requests that hit in local L2 per txn</throughput-metric-name>
		<event alias="a">HwPf.DcFill.LocalL2Hit</event>
		<event alias="b">INST_RETIRED.ANY</event>
		<formula>a/b</formula>
   </metric>
    
   <metric name="metric_L1D HwPf requests that hit in local CCX per instr">
        <throughput-metric-name>metric_L1D HwPf requests that hit in local CCX per txn</throughput-metric-name>
		<event alias="a">HwPf.DcFill.LocalCache</event>
		<event alias="b">INST_RETIRED.ANY</event>
		<formula>a/b</formula>
   </metric>
    
   <metric name="metric_L1D HwPf requests that hit in local DRAM per instr">
        <throughput-metric-name>metric_L1D HwPf requests that hit in local DRAM per txn</throughput-metric-name>
		<event alias="a">HwPf.DcFill.LocalDram</event>
		<event alias="b">INST_RETIRED.ANY</event>
		<formula>a/b</formula>
   </metric>
    
   <metric name="metric_L1D HwPf requests that hit in remote CCX per instr">
        <throughput-metric-name>metric_L1D HwPf requests that hit in remote CCX per txn</throughput-metric-name>
		<event alias="a">HwPf.DcFill.RemoteCache</event>
		<event alias="b">INST_RETIRED.ANY</event>
		<formula>a/b</formula>
   </metric>
    
   <metric name="metric_L1D HwPf requests that hit in remote DRAM per instr">
        <throughput-metric-name>metric_L1D HwPf requests that hit in remote DRAM per txn</throughput-metric-name>
		<event alias="a">HwPf.DcFill.RemoteDram</event>
		<event alias="b">INST_RETIRED.ANY</event>
		<formula>a/b</formula>
   </metric>
    
	<metric name="metric_L3 accesses per instr">
        <throughput-metric-name>metric_L3 accesses per txn</throughput-metric-name>
		<event alias="a">L3RequestG1</event>
		<event alias="b">INST_RETIRED.ANY</event>
		<constant alias="threads_per_L3">8</constant>
		<formula>(a/threads_per_L3)/b</formula>
   </metric>
   
	<metric name="metric_L3 misses per instr">
        <throughput-metric-name>metric_L3 misses per txn</throughput-metric-name>
		<event alias="a">L3CombClstrState</event>
		<event alias="b">INST_RETIRED.ANY</event>
		<constant alias="threads_per_L3">8</constant>
		<formula>(a/threads_per_L3)/b</formula>
   </metric>
   
	<metric name="metric_L3 miss B/W (MB/sec)">
		<event alias="a">L3CombClstrState</event>
		<event alias="b">INST_RETIRED.ANY</event>
		<constant alias="threads_per_L3">8</constant>
		<formula>((a*64/threads_per_L3)/1000000)</formula>
   </metric>
   
	<metric name="metric_NUMA %_Reads addressed to local DRAM/Die">
		<event alias="a">DcFillSys.LocalDram</event>
		<event alias="b">DcFillSys.RemoteDram</event>
		<event alias="c">DcFillSys.RemoteCache</event>
		<event alias="d">HwPf.DcFill.LocalDram</event>
		<event alias="e">HwPf.DcFill.RemoteDram</event>
		<event alias="f">HwPf.DcFill.RemoteCache</event>
		<formula>100*(a+d)/(a+b+c+d+e+f)</formula>
   </metric>
   
	<metric name="metric_NUMA %_Reads addressed to remote DRAM/Die">
		<event alias="a">DcFillSys.LocalDram</event>
		<event alias="b">DcFillSys.RemoteDram</event>
		<event alias="c">DcFillSys.RemoteCache</event>
		<event alias="d">HwPf.DcFill.LocalDram</event>
		<event alias="e">HwPf.DcFill.RemoteDram</event>
		<event alias="f">HwPf.DcFill.RemoteCache</event>
		<formula>100*(b+c+e+f)/(a+b+c+d+e+f)</formula>
   </metric>
   
   	<metric name="metric_%cycles FE stalled for any_reason">
 		<event alias="a">IcFetchStall.IcStallAny</event>
		<event alias="b">MSR_EVENT:msr=0xC00000E8:type=FREERUN:scope=THREAD</event>
		<formula>(a/b)*100</formula>
   </metric>
   
	<metric name="metric_%cycles FE stalled due to DQ empty %">
 		<event alias="a">IcFetchStall.IcStallDqEmpty</event>
		<event alias="b">MSR_EVENT:msr=0xC00000E8:type=FREERUN:scope=THREAD</event>
		<formula>(a/b)*100</formula>
   </metric>

   <metric name="metric_%cycles FE stalled due to back_pressure %">
 		<event alias="a">IcFetchStall.IcStallBackPressure</event>
		<event alias="b">MSR_EVENT:msr=0xC00000E8:type=FREERUN:scope=THREAD</event>
		<formula>(a/b)*100</formula>
   </metric>

   <metric name="metric_branches all branches retired per instr">
        <throughput-metric-name>metric_branches all branches retired per txn</throughput-metric-name>
		<event alias="a">Branches.Retired</event>
		<event alias="b">INST_RETIRED.ANY</event>
		<formula>a/b</formula>
   </metric>
   
   <metric name="metric_branches all branches mispredicted per instr">
        <throughput-metric-name>metric_branches all branches mispredicted per txn</throughput-metric-name>
		<event alias="a">Branches.Mispred</event>
		<event alias="b">INST_RETIRED.ANY</event>
		<formula>a/b</formula>
   </metric>
   
   <metric name="metric_branches all taken branches per instr">
        <throughput-metric-name>metric_branches all taken branches per txn</throughput-metric-name>
		<event alias="a">Branches.Taken</event>
		<event alias="b">INST_RETIRED.ANY</event>
		<formula>a/b</formula>
   </metric>
   
   <metric name="metric_branches all taken branches mispredicted per instr">
        <throughput-metric-name>metric_branches all taken branches mispredicted per txn</throughput-metric-name>
		<event alias="a">Branches.Taken.Mispred</event>
		<event alias="b">INST_RETIRED.ANY</event>
		<formula>a/b</formula>
   </metric>
   
   <metric name="metric_branches near returns per instr">
        <throughput-metric-name>metric_branches near returns per txn</throughput-metric-name>
		<event alias="a">Branches.NearRet</event>
		<event alias="b">INST_RETIRED.ANY</event>
		<formula>a/b</formula>
   </metric>
   
   <metric name="metric_branches near returns mispredicted per instr">
        <throughput-metric-name>metric_branches near returns mispredicted per txn</throughput-metric-name>
		<event alias="a">Branches.NearRet.Mispred</event>
		<event alias="b">INST_RETIRED.ANY</event>
		<formula>a/b</formula>
   </metric>
   
   <metric name="metric_branches indirect branches mispredicted per instr">
        <throughput-metric-name>metric_branches indirect branches mispredicted per txn</throughput-metric-name>
		<event alias="a">Branches.Indirect.Mispred</event>
		<event alias="b">INST_RETIRED.ANY</event>
		<formula>a/b</formula>
   </metric>
   
   <metric name="metric_branches conditional branches per instr">
        <throughput-metric-name>metric_branches conditional branches per txn</throughput-metric-name>
		<event alias="a">Branches.Cond</event>
		<event alias="b">INST_RETIRED.ANY</event>
		<formula>a/b</formula>
   </metric>
   
   <metric name="metric_branches conditional branches mispredicted per instr">
        <throughput-metric-name>metric_branches conditional branches mispredicted per txn</throughput-metric-name>
		<event alias="a">Branches.Cond.Mispred</event>
		<event alias="b">INST_RETIRED.ANY</event>
		<formula>a/b</formula>
   </metric>
   
   <metric name="metric_branches far transfers per instr">
        <throughput-metric-name>metric_branches far transfers per txn</throughput-metric-name>
		<event alias="a">Branches.FarXfer</event>
		<event alias="b">INST_RETIRED.ANY</event>
		<formula>a/b</formula>
   </metric>

	<metric name="metric_pf SW NTA prefetches per instr">
        <throughput-metric-name>metric_pf SW NTA prefetches per txn</throughput-metric-name>
		<event alias="a">InstDispatch.PrefNTA</event>
		<event alias="b">INST_RETIRED.ANY</event>
		<formula>a/b</formula>
	</metric>
	
	<metric name="metric_pf SW load prefetches per instr">
        <throughput-metric-name>metric_pf SW load prefetches per txn</throughput-metric-name>
		<event alias="a">InstDispatch.LoadPrefW</event>
		<event alias="b">INST_RETIRED.ANY</event>
		<formula>a/b</formula>
	</metric>
	
	<metric name="metric_pf SW store prefetches per instr">
        <throughput-metric-name>metric_pf SW store prefetches per txn</throughput-metric-name>
		<event alias="a">InstDispatch.StorePrefW</event>
		<event alias="b">INST_RETIRED.ANY</event>
		<formula>a/b</formula>
	</metric>

	<metric name="metric_EDP AMD EPYC XML version">
 		<constant alias="version">3.93</constant>      
		<formula>version</formula>
   </metric>
	
</root>